sentence_id,token_id,token,tag
0,0,Questions,O
0,1,over,O
0,2,$,O
0,3,300m,O
0,4,Puerto,B-LOCATION
0,5,Rico,I-LOCATION
0,6,contract,O
0,7,handed,O
0,8,to,O
0,9,two-person,O
0,10,firm,O
0,11,Scotland,O
1,0,Some,O
1,1,of,O
1,2,the,O
1,3,devastation,O
1,4,from,O
1,5,Harvey,B-DISASTER
1,6,friends,O
1,7,and,O
1,8,family,O
1,9,who,O
1,10,lost,O
1,11,everything,O
1,12,ὢ2,O
1,13,prayers,O
1,14,neededὉ4,O
1,15,BH,O
2,0,Dominican,O
2,1,Republic,O
2,2,:,O
2,3,38,O
2,4,towns,O
2,5,isolated,O
2,6,after,O
2,7,Hurricane,B-DISASTER
2,8,Maria,I-DISASTER
3,0,Crestline,O
3,1,",",O
3,2,OH,O
3,3,tornado,B-DISASTER
3,4,damage,O
3,5,.,O
4,0,Trump,O
4,1,in,O
4,2,Puerto,B-LOCATION
4,3,Rico,I-LOCATION
4,4,:,O
4,5,"""",O
4,6,this,O
4,7,isn,O
4,8,',O
4,9,t,O
4,10,a,O
4,11,REAL,O
4,12,catastrophe,O
4,13,like,O
4,14,Katrina,O
4,15,"""",O
4,16,ὄ7ἿCὄ7ἿCὄ7ἿCὄ7ἿC,O
4,17,What,O
4,18,?,O
4,19,ᾓ7ἿD,O
4,20,‍,O
4,21,️,O
5,0,Property,O
5,1,/,O
5,2,casualty,O
5,3,group,O
5,4,Travelers,O
5,5,sees,O
5,6,up,O
5,7,to,O
5,8,$,O
5,9,750m,O
5,10,in,O
5,11,losses,O
5,12,from,O
5,13,Hurricane,B-DISASTER
5,14,Harvey,I-DISASTER
6,0,Extra,O
6,1,images,O
6,2,of,O
6,3,the,O
6,4,leaning,O
6,5,building,O
6,6,Mexico,O
6,7,Earthquake,B-DISASTER
7,0,Restoration,O
7,1,of,O
7,2,Water,B-AID_RESOURCE
7,3,Supply,O
7,4,Benefits,O
7,5,25,O
7,6,",",O
7,7,000,O
7,8,Cubans,O
7,9,Affected,O
7,10,by,O
7,11,Irma,B-DISASTER
8,0,Seven,O
8,1,Die,O
8,2,and,O
8,3,Thousands,O
8,4,Hurricane-Stricken,O
8,5,in,O
8,6,Dominica,B-LOCATION
8,7,After,O
8,8,Maria,B-DISASTER
8,9,-,O
9,0,Analysts,O
9,1,:,O
9,2,Hurricane,B-DISASTER
9,3,Harvey,I-DISASTER
9,4,could,O
9,5,slow,O
9,6,economic,O
9,7,growth,O
9,8,by,O
9,9,full,O
9,10,percentage,O
9,11,point,O
10,0,Mary,O
10,1,threatens,O
10,2,to,O
10,3,repeat,O
10,4,the,O
10,5,wake,O
10,6,of,O
10,7,destruction,O
10,8,left,O
10,9,by,O
10,10,Irma,B-DISASTER
11,0,South,O
11,1,Florida,B-LOCATION
11,2,businesses,O
11,3,launch,O
11,4,Hurricane,B-DISASTER
11,5,Harvey,I-DISASTER
11,6,relief,O
11,7,efforts,O
12,0,Harvey,B-DISASTER
12,1,Economic,O
12,2,Loss,O
12,3,Could,O
12,4,Be,O
12,5,Up,O
12,6,To,O
12,7,$,O
12,8,75bn,O
12,9,:,O
12,10,Moody,O
12,11,',O
12,12,s,O
12,13,Analytics,O
12,14,-,O
12,15,Seeking,O
12,16,Alpha,O
13,0,Indian-Americans,O
13,1,urged,O
13,2,to,O
13,3,raise,O
13,4,funds,O
13,5,for,O
13,6,Harvey,B-DISASTER
13,7,relief,O
13,8,news,O
13,9,India,O
14,0,Insurers,O
14,1,and,O
14,2,reinsurers,O
14,3,struggling,O
14,4,to,O
14,5,assess,O
14,6,the,O
14,7,damage,O
14,8,of,O
14,9,Hurricane,B-DISASTER
14,10,Harvey,I-DISASTER
15,0,Two,O
15,1,weeks,O
15,2,after,O
15,3,Harvey,B-DISASTER
15,4,:,O
15,5,Miles,O
15,6,upon,O
15,7,miles,O
15,8,of,O
15,9,gutted,O
15,10,homes,O
15,11,.,O
15,12,So,O
15,13,sad,O
15,14,.,O
15,15,.,O
15,16,.,O
16,0,Just,O
16,1,In,O
16,2,:,O
16,3,Hurricane,B-DISASTER
16,4,Maria,I-DISASTER
16,5,causes,O
16,6,at,O
16,7,least,O
16,8,8,O
16,9,deaths,O
16,10,in,O
16,11,Dominica,B-LOCATION
17,0,Tax,O
17,1,help,O
17,2,for,O
17,3,businesses,O
17,4,hit,O
17,5,by,O
17,6,Harvey,B-DISASTER
17,7,and,O
17,8,Irma,B-DISASTER
17,9,Canadian,O
17,10,Payroll,O
17,11,Reporter,O
17,12,Payroll,O
18,0,Scary,O
18,1,point,O
18,2,from,O
18,3,in,O
18,4,the,O
18,5,British,O
18,6,Virgin,O
18,7,Islands,O
18,8,:,O
18,9,Maria,B-DISASTER
18,10,will,O
18,11,turn,O
18,12,debris,O
18,13,from,O
18,14,Irma,B-DISASTER
18,15,into,O
18,16,deadly,O
18,17,missiles,O
18,18,.,O
18,19,‚,O
18,20,Ä,O
18,21,¶,O
19,0,How,O
19,1,Will,O
19,2,Puerto,B-LOCATION
19,3,Rico,I-LOCATION
19,4,",",O
19,5,Devastated,O
19,6,and,O
19,7,Drowning,O
19,8,in,O
19,9,Debt,O
19,10,",",O
19,11,Pay,O
19,12,to,O
19,13,Rebuild,O
19,14,?,O
20,0,(,O
20,1,Macleans,O
20,2,),O
20,3,:,O
20,4,Crisis,O
20,5,deepens,O
20,6,in,O
20,7,Puerto,B-LOCATION
20,8,Rico,I-LOCATION
20,9,after,O
20,10,Hurricane,B-DISASTER
20,11,Maria,I-DISASTER
20,12,:,O
20,13,Many,O
20,14,towns,O
20,15,have,O
20,16,been,O
20,17,.,O
20,18,.,O
21,0,As,O
21,1,residents,O
21,2,are,O
21,3,allowed,O
21,4,back,O
21,5,into,O
21,6,the,O
21,7,lower,O
21,8,Florida,B-LOCATION
21,9,Keys,O
21,10,this,O
21,11,is,O
21,12,what,O
21,13,some,O
21,14,will,O
21,15,find,O
21,16,in,O
21,17,Ramrod,O
21,18,Key,O
21,19,Irma,B-DISASTER
22,0,',O
22,1,Long,O
22,2,road,O
22,3,to,O
22,4,go,O
22,5,',O
22,6,:,O
22,7,Officials,O
22,8,talk,O
22,9,Irma,B-DISASTER
22,10,relief,O
22,11,in,O
22,12,the,O
22,13,Florida,B-LOCATION
22,14,Keys,O
22,15,:,O
23,0,ἳ4,O
23,1,἟,O
23,2,5,O
23,3,἟,O
23,4,7,O
23,5,἟,O
23,6,5,O
23,7,἟,O
23,8,7,O
23,9,἟,O
23,10,5,O
23,11,἟,O
23,12,7,O
23,13,Help,O
23,14,Rebuild,O
23,15,Puerto,B-LOCATION
23,16,Rico,I-LOCATION
23,17,',O
23,18,s,O
23,19,Sustainable,O
23,20,Farming,O
23,21,After,O
23,22,Hurricane,B-DISASTER
23,23,Maria,I-DISASTER
23,24,἟,O
23,25,5,O
23,26,἟,O
23,27,7,O
23,28,἟,O
23,29,5,O
23,30,἟,O
23,31,7,O
23,32,἟,O
23,33,5,O
23,34,἟,O
23,35,7,O
23,36,ἳ4,O
24,0,Zakaria,O
24,1,proposes,O
24,2,',O
24,3,grand,O
24,4,bargain,O
24,5,',O
24,6,on,O
24,7,Puerto,B-LOCATION
24,8,Rico,I-LOCATION
24,9,',O
24,10,s,O
24,11,debt,O
24,12,news,O
24,13,latest,O
25,0,Back,O
25,1,to,O
25,2,the,O
25,3,flooded,O
25,4,home,O
25,5,after,O
25,6,hurricane,B-DISASTER
25,7,Harvey,I-DISASTER
25,8,left,O
25,9,photo,O
25,10,picture,O
25,11,-,O
25,12,PlanetaPic,O
26,0,FHWA,O
26,1,Gives,O
26,2,Florida,B-LOCATION
26,3,DOT,O
26,4,$,O
26,5,25,O
26,6,Million,O
26,7,for,O
26,8,Irma,B-DISASTER
26,9,Relief,O
27,0,Woman,O
27,1,gets,O
27,2,help,O
27,3,after,O
27,4,dealing,O
27,5,with,O
27,6,Irma,B-DISASTER
27,7,and,O
27,8,Matthew,O
28,0,Harvey,B-DISASTER
28,1,:,O
28,2,Fears,O
28,3,grow,O
28,4,over,O
28,5,severe,O
28,6,flooding,O
28,7,risk,O
28,8,myreadinglist,O
29,0,Hurricane,B-DISASTER
29,1,Harvey,I-DISASTER
29,2,dealt,O
29,3,Houston,B-LOCATION
29,4,catastrophic,O
29,5,flooding,O
29,6,",",O
29,7,and,O
29,8,it,O
29,9,is,O
29,10,not,O
29,11,over,O
29,12,yet,O
29,13,.,O
30,0,There,O
30,1,is,O
30,2,a,O
30,3,climate,O
30,4,change,O
30,5,fire,B-DISASTER
30,6,alarm,O
30,7,ringing,O
30,8,in,O
30,9,Northern,O
30,10,California,B-LOCATION
30,11,.,O
30,12,Act,O
30,13,On,O
30,14,Climate,O
31,0,Regulations,O
31,1,Eliminated,O
31,2,by,O
31,3,Trump,O
31,4,Are,O
31,5,Needed,O
31,6,Now,O
31,7,to,O
31,8,Rebuilt,O
31,9,After,O
31,10,Irma,B-DISASTER
32,0,The,O
32,1,Forgotten,O
32,2,Americans,O
32,3,:,O
32,4,Why,O
32,5,Did,O
32,6,U,O
32,7,.,O
32,8,S,O
32,9,.,O
32,10,Media,O
32,11,Ignore,O
32,12,U,O
32,13,.,O
32,14,S,O
32,15,.,O
32,16,Virgin,O
32,17,Islands,O
32,18,Devastated,O
32,19,by,O
32,20,Irma,B-DISASTER
32,21,?,O
33,0,IBEC,O
33,1,Emergency,O
33,2,Housing,O
33,3,WKH,O
33,4,Puerto,B-LOCATION
33,5,Rico,I-LOCATION
34,0,USAA,O
34,1,website,O
34,2,helps,O
34,3,Harvey,B-DISASTER
34,4,evacuees,O
34,5,see,O
34,6,property,O
34,7,before,O
34,8,and,O
34,9,after,O
34,10,the,O
34,11,storm,B-DISASTER
35,0,Hurricane,B-DISASTER
35,1,Maria,I-DISASTER
35,2,destroy,O
35,3,my,O
35,4,house,O
35,5,but,O
35,6,not,O
35,7,my,O
35,8,spirit,O
35,9,Puerto,B-LOCATION
35,10,Rico,I-LOCATION
35,11,Se,O
35,12,Levanta,O
36,0,New,O
36,1,earthquake,B-DISASTER
36,2,in,O
36,3,Mexico,O
36,4,:,O
36,5,State,O
36,6,of,O
36,7,emergency,O
36,8,has,O
36,9,happened,O
36,10,in,O
36,11,the,O
36,12,State,O
36,13,of,O
36,14,Oaxaca,O
37,0,worried,O
37,1,about,O
37,2,the,O
37,3,fake,O
37,4,press,O
37,5,?,O
37,6,!,O
37,7,F,O
37,8,that,O
37,9,worry,O
37,10,about,O
37,11,Puerto,B-LOCATION
37,12,Rico,I-LOCATION
37,13,the,O
37,14,reality,O
37,15,that,O
37,16,you,O
37,17,did,O
37,18,not,O
37,19,see,O
38,0,Hurricane,B-DISASTER
38,1,Maria,I-DISASTER
38,2,:,O
38,3,UK,O
38,4,pledges,O
38,5,Â,O
38,6,5m,O
38,7,to,O
38,8,Dominica,B-LOCATION
38,9,after,O
38,10,island,O
38,11,ravaged,O
38,12,byÂ,O
38,13,storm,B-DISASTER
39,0,Wildfires,O
39,1,hits,O
39,2,California,B-LOCATION
39,3,BRupdates,O
39,4,fire,B-DISASTER
39,5,injuries,O
40,0,Irma,B-DISASTER
40,1,update,O
40,2,:,O
40,3,Five,O
40,4,things,O
40,5,we,O
40,6,know,O
40,7,about,O
40,8,Lee,O
40,9,schools,B-INFRASTRUCTURE
40,10,today,O
41,0,Miami,O
41,1,Real,O
41,2,Estate,O
41,3,Mostly,O
41,4,Spared,O
41,5,From,O
41,6,Irma,B-DISASTER
41,7,‚,O
41,8,Äôs,O
41,9,Fury,O
41,10,",",O
41,11,Industry,O
41,12,Players,O
41,13,Say,O
41,14,:,O
41,15,CRE,O
42,0,Puerto,B-LOCATION
42,1,Rico,I-LOCATION
42,2,',O
42,3,s,O
42,4,Agriculture,O
42,5,and,O
42,6,Farmers,O
42,7,Decimated,O
42,8,by,O
42,9,Maria,B-DISASTER
43,0,Today,O
43,1,is,O
43,2,the,O
43,3,final,O
43,4,day,O
43,5,to,O
43,6,help,O
43,7,with,O
43,8,Hurricane,B-DISASTER
43,9,Harvey,I-DISASTER
43,10,relief,O
43,11,by,O
43,12,purchasing,O
43,13,indiemusic,O
44,0,Want,O
44,1,to,O
44,2,help,O
44,3,with,O
44,4,St,O
44,5,.,O
44,6,Croix,O
44,7,hurricane,O
44,8,relief,O
44,9,and,O
44,10,recovery,O
44,11,efforts,O
44,12,?,O
44,13,Donate,O
44,14,to,O
44,15,Hurricane,B-DISASTER
44,16,Maria,I-DISASTER
45,0,PHOTOS,O
45,1,:,O
45,2,New,O
45,3,album,O
45,4,"""",O
45,5,Texas,B-LOCATION
45,6,recovers,O
45,7,from,O
45,8,Harvey,B-DISASTER
45,9,"""",O
45,10,posted,O
45,11,on,O
45,12,our,O
45,13,Facebook,O
45,14,page,O
45,15,(,O
45,16,CNS,O
45,17,/,O
45,18,Bob,O
45,19,Roller,O
45,20,),O
46,0,10,O
46,1,:,O
46,2,30,O
46,3,Trump,O
46,4,Address,O
46,5,UNGA,O
46,6,!,O
46,7,Climate,O
46,8,Change,O
46,9,?,O
46,10,Harvey,B-DISASTER
46,11,Irma,B-DISASTER
46,12,Maria,B-DISASTER
46,13,?,O
46,14,My,O
46,15,Analysis,O
46,16,to,O
46,17,Follow,O
46,18,‚,O
46,19,Ä,O
46,20,¶,O
47,0,Irma,B-DISASTER
47,1,has,O
47,2,submerged,O
47,3,the,O
47,4,town,O
47,5,of,O
47,6,Caibarien,O
47,7,",",O
47,8,Cuba,O
47,9,under,O
47,10,several,O
47,11,feet,O
47,12,of,O
47,13,water,B-AID_RESOURCE
47,14,.,O
48,0,Texas,B-LOCATION
48,1,Edges,O
48,2,Closer,O
48,3,to,O
48,4,Recovery,O
48,5,after,O
48,6,Harvey,B-DISASTER
48,7,as,O
48,8,Key,O
48,9,Pipe,O
48,10,.,O
48,11,.,O
48,12,.,O
48,13,-,O
48,14,-,O
48,15,News,O
49,0,Our,O
49,1,crews,O
49,2,continue,O
49,3,restoring,O
49,4,power,O
49,5,for,O
49,6,storm-weary,O
49,7,Floridians,O
49,8,.,O
49,9,Irma,B-DISASTER
49,10,restoration,O
49,11,work,O
49,12,for,O
49,13,now,O
49,14,neighborho,O
49,15,.,O
49,16,.,O
49,17,.,O
50,0,Follow,O
50,1,live,O
50,2,updates,O
50,3,on,O
50,4,Harvey,B-DISASTER
50,5,and,O
50,6,its,O
50,7,aftermath,O
50,8,:,O
51,0,Hudson,O
51,1,Valley,O
51,2,families,O
51,3,with,O
51,4,ties,O
51,5,to,O
51,6,Florida,B-LOCATION
51,7,track,O
51,8,Irma,B-DISASTER
51,9,‚,O
51,10,Äôs,O
51,11,wrath,O
51,12,-,O
52,0,St,B-LOCATION
52,1,.,I-LOCATION
52,2,Thomas,I-LOCATION
52,3,was,O
52,4,also,O
52,5,hammered,O
52,6,.,O
52,7,This,O
52,8,is,O
52,9,Bluebeard,O
52,10,Resort,O
52,11,in,O
52,12,Limetree,O
52,13,.,O
52,14,stt,O
52,15,stthomas,O
52,16,hurricanemaria,O
53,0,Just,O
53,1,1,O
53,2,pic,O
53,3,of,O
53,4,the,O
53,5,damage,O
53,6,done,O
53,7,to,O
53,8,my,O
53,9,optometry,O
53,10,school,O
53,11,by,O
53,12,hurricane,B-DISASTER
53,13,Maria,I-DISASTER
53,14,in,O
53,15,.,O
53,16,.,O
53,17,.,O
53,18,.,O
54,0,The,O
54,1,crews,O
54,2,in,O
54,3,Florida,B-LOCATION
54,4,are,O
54,5,hard,O
54,6,at,O
54,7,work,O
54,8,.,O
54,9,irma,B-DISASTER
54,10,publicpower,O
55,0,Mutual,O
55,1,Finds,O
55,2,Not,O
55,3,Waiting,O
55,4,To,O
55,5,See,O
55,6,How,O
55,7,Puerto,B-LOCATION
55,8,Rico,I-LOCATION
55,9,',O
55,10,s,O
55,11,Story,O
55,12,Ends,O
56,0,Fire,B-DISASTER
56,1,Storm,B-DISASTER
56,2,California,B-LOCATION
56,3,â,O
56,4,"""",O
56,5,Geoterrorism,O
56,6,â,O
56,7,"""",O
56,8,No,O
56,9,Justice,O
56,10,â,O
56,11,Â,O
56,12,JUSTUS,O
56,13,!,O
56,14,!,O
56,15,!,O
57,0,Hurricane,B-DISASTER
57,1,Maria,I-DISASTER
57,2,Could,O
57,3,Threaten,O
57,4,North,O
57,5,Carolina,O
57,6,Later,O
57,7,This,O
57,8,Week,O
57,9,-,O
57,10,Bloomberg,O
58,0,The,O
58,1,',O
58,2,second,O
58,3,disaster,O
58,4,',O
58,5,facing,O
58,6,the,O
58,7,victims,O
58,8,of,O
58,9,Harvey,B-DISASTER
58,10,and,O
58,11,Irma,B-DISASTER
58,12,Climate,O
58,13,Change,O
58,14,tfb,O
58,15,f4f,O
59,0,On,O
59,1,the,O
59,2,road,O
59,3,to,O
59,4,our,O
59,5,live,O
59,6,shot,O
59,7,location,O
59,8,this,O
59,9,afternoon,O
59,10,:,O
59,11,Some,O
59,12,of,O
59,13,what,O
59,14,the,O
59,15,California,B-LOCATION
59,16,wildfires,O
59,17,left,O
59,18,behind,O
59,19,.,O
60,0,Harvey,B-DISASTER
60,1,2017,O
60,2,:,O
60,3,Homeless,O
60,4,shelter,B-AID_RESOURCE
60,5,up,O
60,6,",",O
60,7,running,O
60,8,after,O
60,9,storm,B-DISASTER
61,0,As,O
61,1,crews,O
61,2,gain,O
61,3,ground,O
61,4,",",O
61,5,California,B-LOCATION
61,6,fire,B-DISASTER
61,7,victims,O
61,8,return,O
61,9,home,O
62,0,Where,O
62,1,to,O
62,2,report,O
62,3,scammers,O
62,4,preying,O
62,5,on,O
62,6,Harvey,B-DISASTER
62,7,victims,O
63,0,California,B-LOCATION
63,1,Station,O
63,2,Plays,O
63,3,Witness,O
63,4,",",O
63,5,Info,O
63,6,Source,O
63,7,For,O
63,8,Wildfires,O
64,0,Whitefish,O
64,1,Energy,O
64,2,working,O
64,3,on,O
64,4,Puerto,B-LOCATION
64,5,Rico,I-LOCATION
64,6,power,O
64,7,grid,O
65,0,Deadly,O
65,1,California,B-LOCATION
65,2,wildfires,O
65,3,flare,O
65,4,up,O
65,5,and,O
65,6,swallow,O
65,7,more,O
65,8,homes,O
66,0,἟,O
66,1,5,O
66,2,἟,O
66,3,7,O
66,4,἟,O
66,5,5,O
66,6,἟,O
66,7,7,O
66,8,἟,O
66,9,5,O
66,10,἟,O
66,11,7,O
66,12,Hurricane,B-DISASTER
66,13,Maria,I-DISASTER
66,14,huracanmaria,O
66,15,hato,O
66,16,rey,O
67,0,For,O
67,1,first,O
67,2,time,O
67,3,in,O
67,4,300,O
67,5,years,O
67,6,",",O
67,7,not,O
67,8,a,O
67,9,single,O
67,10,person,O
67,11,left,O
67,12,on,O
67,13,Barbuda,O
67,14,:,O
67,15,US,O
67,16,envoy,O
67,17,on,O
67,18,horrific,O
67,19,Hurricane,B-DISASTER
67,20,Irma,I-DISASTER
67,21,impact,O
67,22,.,O
67,23,.,O
67,24,.,O
68,0,Fuck,O
68,1,hurricane,B-DISASTER
68,2,Maria,I-DISASTER
68,3,!,O
68,4,!,O
68,5,Ὁ4Ὁ4Ὁ4,O
69,0,Irma,B-DISASTER
69,1,minor,O
69,2,damage,O
69,3,at,O
69,4,',O
69,5,s,O
69,6,parking,O
69,7,lot,O
69,8,-,O
70,0,IRMA,B-DISASTER
70,1,Volusia,O
70,2,County,O
70,3,to,O
70,4,collect,O
70,5,debris,O
70,6,in,O
70,7,unincorporated,O
70,8,areas,O
71,0,Animal,O
71,1,survivals,O
71,2,inspire,O
71,3,hope,O
71,4,after,O
71,5,tragic,O
71,6,losses,O
71,7,after,O
71,8,California,B-LOCATION
71,9,wildfire,B-DISASTER
72,0,Marijuana,O
72,1,Crop,O
72,2,Is,O
72,3,Burning,O
72,4,in,O
72,5,the,O
72,6,California,B-LOCATION
72,7,Wildfires,O
73,0,Federal,O
73,1,loans,O
73,2,approved,O
73,3,to,O
73,4,help,O
73,5,cities,O
73,6,in,O
73,7,Hurricane,B-DISASTER
73,8,Harvey,I-DISASTER
73,9,',O
73,10,s,O
73,11,wake,O
73,12,-,O
73,13,Independent,O
73,14,.,O
73,15,ie,O
74,0,PHOTOS,O
74,1,:,O
74,2,21,O
74,3,powerful,O
74,4,images,O
74,5,of,O
74,6,Hurricane,B-DISASTER
74,7,Harvey,I-DISASTER
74,8,',O
74,9,s,O
74,10,impact,O
74,11,:,O
74,12,Texas,B-LOCATION
74,13,Houston,B-LOCATION
75,0,After,O
75,1,huge,O
75,2,earthquake,B-DISASTER
75,3,at,O
75,4,west,O
75,5,of,O
75,6,iran,O
75,7,.,O
75,8,City,O
75,9,and,O
75,10,many,O
75,11,villages,O
75,12,have,O
75,13,collapsed,O
75,14,.,O
76,0,JUST,O
76,1,IN,O
76,2,:,O
76,3,Another,O
76,4,large,O
76,5,explosion,O
76,6,and,O
76,7,fire,B-DISASTER
76,8,at,O
76,9,flooded,O
76,10,chemical,O
76,11,plant,O
76,12,in,O
76,13,Crosby,O
76,14,",",O
76,15,Texas,B-LOCATION
76,16,.,O
76,17,Harvey,B-DISASTER
77,0,Georgia,O
77,1,Uses,O
77,2,Crowdsourced,O
77,3,Damage,O
77,4,Reporting,O
77,5,Site,O
77,6,During,O
77,7,Irma,B-DISASTER
78,0,In,O
78,1,Boca,O
78,2,",",O
78,3,Hurricane,B-DISASTER
78,4,Irma,I-DISASTER
78,5,rips,O
78,6,up,O
78,7,trees,O
78,8,",",O
78,9,leaves,O
78,10,many,O
78,11,in,O
78,12,the,O
78,13,dark,O
79,0,Wiretap,O
79,1,Wet,O
79,2,winter,O
79,3,and,O
79,4,record-breaking,O
79,5,summer,O
79,6,heat,O
79,7,combine,O
79,8,to,O
79,9,leave,O
79,10,California,B-LOCATION
79,11,in,O
79,12,flames,O
79,13,:,O
80,0,Please,O
80,1,donate,O
80,2,to,O
80,3,my,O
80,4,country,O
80,5,Dominica,B-LOCATION
80,6,affected,O
80,7,by,O
80,8,hurricane,B-DISASTER
80,9,Maria,I-DISASTER
80,10,any,O
80,11,amount,O
80,12,would,O
80,13,be,O
80,14,grateful,O
81,0,Eye,O
81,1,Opener,O
81,2,:,O
81,3,Massive,O
81,4,wildfires,O
81,5,devastate,O
81,6,California,B-LOCATION
82,0,Trump,O
82,1,visits,O
82,2,Puerto,B-LOCATION
82,3,Rico,I-LOCATION
82,4,",",O
82,5,claims,O
82,6,recovery,O
82,7,is,O
82,8,going,O
82,9,extremely,O
82,10,well,O
82,11,.,O
82,12,(,O
82,13,cc,O
82,14,:,O
82,15,),O
83,0,inhabitat,O
83,1,Hurricane,B-DISASTER
83,2,Maria,I-DISASTER
83,3,ravaged,O
83,4,the,O
83,5,only,O
83,6,tropical,O
83,7,rainforest,O
83,8,in,O
83,9,the,O
83,10,United,O
83,11,States,O
84,0,Irma,B-DISASTER
84,1,may,O
84,2,have,O
84,3,slowed,O
84,4,us,O
84,5,down,O
84,6,last,O
84,7,week,O
84,8,but,O
84,9,is,O
84,10,up,O
84,11,and,O
84,12,running,O
84,13,strong,O
84,14,!,O
84,15,Sley,O
84,16,The,O
84,17,Grey,O
85,0,Well,O
85,1,users,O
85,2,urged,O
85,3,to,O
85,4,boil,O
85,5,water,B-AID_RESOURCE
85,6,in,O
85,7,the,O
85,8,aftermath,O
85,9,of,O
85,10,Irma,B-DISASTER
85,11,flooding,O
86,0,Barry,O
86,1,Bonds,O
86,2,among,O
86,3,pro,O
86,4,athletes,O
86,5,who,O
86,6,fled,O
86,7,golf,O
86,8,club,O
86,9,ahead,O
86,10,of,O
86,11,California,B-LOCATION
86,12,wildfires,O
87,0,Lee,O
87,1,communities,O
87,2,still,O
87,3,reeling,O
87,4,from,O
87,5,Irma,B-DISASTER
87,6,.,O
88,0,My,O
88,1,house,O
88,2,after,O
88,3,Harvey,B-DISASTER
88,4,.,O
88,5,Lol,O
88,6,.,O
88,7,You,O
88,8,never,O
88,9,know,O
88,10,.,O
88,11,.,O
88,12,.,O
88,13,.,O
89,0,BEARFIRE,O
89,1,Fire,B-DISASTER
89,2,in,O
89,3,Santa,O
89,4,Cruz,O
89,5,mountains,O
89,6,forces,O
89,7,evacuations,O
89,8,near,O
89,9,Bear,O
89,10,Crk,O
89,11,Canyon,O
89,12,Rd,O
89,13,.,O
89,14,via,O
90,0,The,O
90,1,effects,O
90,2,of,O
90,3,Harvey,B-DISASTER
90,4,.,O
90,5,.,O
90,6,.,O
91,0,TAMU-CC,O
91,1,(,O
91,2,),O
91,3,drone,O
91,4,team,O
91,5,helps,O
91,6,with,O
91,7,Hurricane,B-DISASTER
91,8,Harvey,I-DISASTER
91,9,recovery,O
91,10,efforts,O
92,0,Con,O
92,1,Artists,O
92,2,Will,O
92,3,Take,O
92,4,Your,O
92,5,Harvey,B-DISASTER
92,6,Donation,O
92,7,Money,O
93,0,Images,O
93,1,From,O
93,2,Irma,B-DISASTER
93,3,As,O
93,4,It,O
93,5,Storms,O
93,6,Through,O
93,7,Florida,B-LOCATION
93,8,&,O
93,9,amp,O
93,10,;,O
93,11,the,O
93,12,Caribbean,O
94,0,Editorial,O
94,1,:,O
94,2,State,O
94,3,leaders,O
94,4,have,O
94,5,plenty,O
94,6,of,O
94,7,work,O
94,8,to,O
94,9,do,O
94,10,after,O
94,11,Irma,B-DISASTER
95,0,Puerto,B-LOCATION
95,1,Rico,I-LOCATION
95,2,hit,O
95,3,by,O
95,4,new,O
95,5,power,O
95,6,outage,O
95,7,after,O
95,8,line,O
95,9,repaired,O
95,10,by,O
95,11,Whitefish,O
95,12,fails,O
95,13,:,O
95,14,report,O
96,0,Hurricane,B-DISASTER
96,1,Irma,I-DISASTER
96,2,Alva,O
96,3,",",O
96,4,Fl,O
96,5,.,O
96,6,What,O
96,7,once,O
96,8,was,O
96,9,.,O
96,10,.,O
96,11,.,O
96,12,we,O
96,13,are,O
96,14,feeling,O
96,15,overwhelmed,O
96,16,.,O
97,0,Park,O
97,1,staff,O
97,2,are,O
97,3,supporting,O
97,4,Florida,B-LOCATION
97,5,",",O
97,6,Caribbean,O
97,7,",",O
97,8,Atlantic,O
97,9,coast,O
97,10,parks,O
97,11,",",O
97,12,assist,O
97,13,with,O
97,14,efforts,O
97,15,in,O
97,16,wake,O
97,17,of,O
97,18,Hurricane,B-DISASTER
97,19,Irma,I-DISASTER
97,20,.,O
97,21,‚,O
97,22,Ä,O
97,23,¶,O
98,0,Powerful,O
98,1,Hurricane,B-DISASTER
98,2,Maria,I-DISASTER
98,3,follows,O
98,4,deadly,O
98,5,storms,O
98,6,Harvey,B-DISASTER
98,7,and,O
98,8,Irma,B-DISASTER
98,9,-,O
99,0,PHOTOS,O
99,1,:,O
99,2,National,B-ORG
99,3,Guard,I-ORG
99,4,members,O
99,5,respond,O
99,6,to,O
99,7,Hurricane,B-DISASTER
99,8,Maria,I-DISASTER
99,9,:,O
100,0,California,B-LOCATION
100,1,can,O
100,2,not,O
100,3,catch,O
100,4,a,O
100,5,break,O
100,6,.,O
100,7,Wildfire,B-DISASTER
100,8,weather,O
100,9,is,O
100,10,returning,O
100,11,this,O
100,12,weekend,O
101,0,Seawalls,O
101,1,across,O
101,2,SWFL,O
101,3,crumbling,O
101,4,in,O
101,5,wake,O
101,6,of,O
101,7,Irma,B-DISASTER
102,0,Sheriff,O
102,1,tweets,O
102,2,that,O
102,3,anyone,O
102,4,with,O
102,5,a,O
102,6,warrant,O
102,7,seeking,O
102,8,shelter,B-AID_RESOURCE
102,9,from,O
102,10,Hurricane,B-DISASTER
102,11,Irma,I-DISASTER
102,12,will,O
102,13,be,O
102,14,jailed,O
103,0,Aftermath,O
103,1,of,O
103,2,a,O
103,3,Cat,O
103,4,5,O
103,5,hurricane,O
103,6,(,O
103,7,I,O
103,8,live,O
103,9,in,O
103,10,Puerto,B-LOCATION
103,11,Rico,I-LOCATION
103,12,),O
103,13,viraltoday,O
104,0,Events,O
104,1,in,O
104,2,NYC,O
104,3,aim,O
104,4,to,O
104,5,help,O
104,6,hurricane,O
104,7,battered,O
104,8,Puerto,B-LOCATION
104,9,Rico,I-LOCATION
105,0,[,O
105,1,RECOMMENDED,O
105,2,],O
105,3,Wrap-up,O
105,4,of,O
105,5,damages,O
105,6,in,O
105,7,P,O
105,8,.,O
105,9,R,O
105,10,.,O
105,11,caused,O
105,12,by,O
105,13,Hurricane,B-DISASTER
105,14,Irma,I-DISASTER
105,15,-,O
106,0,Hurricane,B-DISASTER
106,1,Harvey,I-DISASTER
106,2,At,O
106,3,least,O
106,4,one,O
106,5,dead,O
106,6,in,O
106,7,Texas,B-LOCATION
106,8,",",O
106,9,more,O
106,10,casualties,O
106,11,feared,O
107,0,Calistoga,O
107,1,Fire,B-DISASTER
107,2,tubbsfire,O
107,3,napafire,O
107,4,ABC7now,O
107,5,kron4news,O
107,6,fire,B-DISASTER
107,7,california,B-LOCATION
107,8,napa,O
108,0,Buffalo,O
108,1,Bayou,O
108,2,is,O
108,3,higher,O
108,4,than,O
108,5,I,O
108,6,',O
108,7,ve,O
108,8,ever,O
108,9,seen,O
108,10,it,O
108,11,.,O
108,12,Pool,O
108,13,about,O
108,14,to,O
108,15,go,O
108,16,under,O
108,17,.,O
108,18,Harvey,B-DISASTER
109,0,Only,O
109,1,aerial,O
109,2,photos,O
109,3,help,O
109,4,families,O
109,5,know,O
109,6,what,O
109,7,is,O
109,8,happening,O
109,9,to,O
109,10,their,O
109,11,communities,O
109,12,inside,O
109,13,Dominica,B-LOCATION
109,14,hurricanemaria,O
109,15,sos,O
110,0,Here,O
110,1,',O
110,2,s,O
110,3,how,O
110,4,to,O
110,5,know,O
110,6,if,O
110,7,destruction,O
110,8,caused,O
110,9,by,O
110,10,Hurricane,B-DISASTER
110,11,Harvey,I-DISASTER
110,12,or,O
110,13,Irma,B-DISASTER
110,14,will,O
110,15,affect,O
110,16,your,O
110,17,taxes,O
110,18,:,O
111,0,Hurricane,B-DISASTER
111,1,Irma,I-DISASTER
111,2,impacts,O
111,3,Mote,O
111,4,Marine,O
111,5,Laboratory,O
111,6,in,O
111,7,Summerland,O
111,8,Key,O
111,9,.,O
111,10,MORE,O
111,11,&,O
111,12,gt,O
111,13,;,O
111,14,&,O
111,15,gt,O
111,16,;,O
112,0,Local,O
112,1,pig,O
112,2,rescue,O
112,3,will,O
112,4,shelter,B-AID_RESOURCE
112,5,barnyard,O
112,6,animals,O
112,7,in,O
112,8,Hurricane,B-DISASTER
112,9,Irma,I-DISASTER
112,10,',O
112,11,s,O
112,12,path,O
113,0,Horses,O
113,1,",",O
113,2,Sheep,O
113,3,&,O
113,4,amp,O
113,5,;,O
113,6,Turkeys,O
113,7,Evacuated,O
113,8,From,O
113,9,Fire,B-DISASTER
113,10,;,O
113,11,How,O
113,12,To,O
113,13,Help,O
113,14,After,O
113,15,California,B-LOCATION
113,16,Fires,O
114,0,Recovery,O
114,1,After,O
114,2,Hurricane,B-DISASTER
114,3,Harvey,I-DISASTER
114,4,:,O
114,5,Will,O
114,6,There,O
114,7,Be,O
114,8,Justice,O
114,9,for,O
114,10,All,O
114,11,?,O
115,0,NEW,O
115,1,:,O
115,2,Who,O
115,3,should,O
115,4,pay,O
115,5,the,O
115,6,bill,O
115,7,for,O
115,8,disasters,O
115,9,like,O
115,10,storm,B-DISASTER
115,11,Irma,B-DISASTER
115,12,?,O
116,0,California,B-LOCATION
116,1,wildfires,O
116,2,latest,O
116,3,:,O
116,4,',O
116,5,Red,O
116,6,alert,O
116,7,',O
116,8,issued,O
116,9,as,O
116,10,weather,O
116,11,conditions,O
116,12,likely,O
116,13,to,O
116,14,fan,O
116,15,flames,O
117,0,We,O
117,1,are,O
117,2,working,O
117,3,with,O
117,4,our,O
117,5,partners,O
117,6,in,O
117,7,Haiti,B-LOCATION
117,8,to,O
117,9,prepare,O
117,10,for,O
117,11,Hurricane,B-DISASTER
117,12,Irma,I-DISASTER
118,0,Powerful,O
118,1,earthquake,B-DISASTER
118,2,shook,O
118,3,central,O
118,4,mexico,O
118,5,on,O
118,6,Tuesday,O
118,7,killing,O
118,8,217,O
118,9,.,O
118,10,Mexico,B-LOCATION
118,11,City,I-LOCATION
118,12,RIP,O
119,0,Our,O
119,1,boardwalk,O
119,2,through,O
119,3,the,O
119,4,Cypress,O
119,5,tree,O
119,6,preserve,O
119,7,sustained,O
119,8,heavy,O
119,9,damage,O
119,10,from,O
119,11,Irma,B-DISASTER
119,12,ὢD,O
119,13,.,O
119,14,We,O
119,15,will,O
119,16,rebuild,O
119,17,.,O
120,0,Advice,O
120,1,:,O
120,2,How,O
120,3,To,O
120,4,File,O
120,5,Claims,O
120,6,After,O
120,7,Harvey,B-DISASTER
120,8,Hou,O
120,9,News,O
121,0,NEW,O
121,1,:,O
121,2,Trump-connected,O
121,3,company,O
121,4,hired,O
121,5,to,O
121,6,fix,O
121,7,Puerto,B-LOCATION
121,8,Rico,I-LOCATION
121,9,has,O
121,10,only,O
121,11,worked,O
121,12,two,O
121,13,federal,O
121,14,jobs,O
122,0,Are,O
122,1,you,O
122,2,looking,O
122,3,for,O
122,4,a,O
122,5,way,O
122,6,to,O
122,7,help,O
122,8,in,O
122,9,the,O
122,10,wake,O
122,11,of,O
122,12,Irma,B-DISASTER
122,13,',O
122,14,s,O
122,15,devastation,O
122,16,?,O
122,17,We,O
122,18,could,O
122,19,really,O
122,20,use,O
122,21,your,O
122,22,support,O
122,23,!,O
122,24,Visit,O
122,25,our,O
122,26,.,O
122,27,.,O
122,28,.,O
123,0,Fence,O
123,1,down,O
123,2,",",O
123,3,tree,O
123,4,down,O
123,5,.,O
123,6,Now,O
123,7,comes,O
123,8,the,O
123,9,real,O
123,10,pain,O
123,11,of,O
123,12,dealing,O
123,13,with,O
123,14,insurance,O
123,15,.,O
123,16,Hurricane,B-DISASTER
123,17,Harvey,I-DISASTER
124,0,Hurricane,B-DISASTER
124,1,Irma,I-DISASTER
124,2,uprooted,O
124,3,a,O
124,4,tree,O
124,5,in,O
124,6,a,O
124,7,cemetery,O
124,8,",",O
124,9,its,O
124,10,roots,O
124,11,unearthed,O
124,12,a,O
124,13,casket,O
124,14,·,O
124,15,Ω,O
124,16,1,O
124,17,·,O
124,18,Ω,O
124,19,E,O
124,20,grave,O
124,21,irma,B-DISASTER
125,0,The,O
125,1,Exceptional,O
125,2,spirit,O
125,3,of,O
125,4,Puerto,B-LOCATION
125,5,Rico,I-LOCATION
125,6,always,O
125,7,shines,O
125,8,through,O
125,9,.,O
125,10,Don,O
125,11,QRum,O
126,0,How,O
126,1,Irma,B-DISASTER
126,2,and,O
126,3,Harvey,B-DISASTER
126,4,may,O
126,5,impact,O
126,6,our,O
126,7,food,B-AID_RESOURCE
126,8,supply,O
126,9,.,O
127,0,Houston,B-LOCATION
127,1,floodwaters,O
127,2,from,O
127,3,Hurricane,B-DISASTER
127,4,Harvey,I-DISASTER
127,5,give,O
127,6,way,O
127,7,to,O
127,8,mountains,O
127,9,of,O
127,10,trash,O
128,0,Post,O
128,1,Hurricane,B-DISASTER
128,2,Irma,I-DISASTER
128,3,",",O
128,4,hope,O
128,5,Maria,B-DISASTER
128,6,will,O
128,7,bypass,O
128,8,!,O
128,9,!,O
129,0,Harvey,B-DISASTER
129,1,continues,O
129,2,.,O
129,3,.,O
129,4,Dead,O
129,5,fish,O
129,6,on,O
129,7,our,O
129,8,street,O
129,9,&,O
129,10,amp,O
129,11,;,O
129,12,gutters,O
129,13,.,O
129,14,I,O
129,15,',O
129,16,ve,O
129,17,never,O
129,18,seen,O
129,19,anything,O
129,20,like,O
129,21,it,O
129,22,!,O
130,0,1,O
130,1,/,O
130,2,This,O
130,3,is,O
130,4,Woodloch,O
130,5,",",O
130,6,a,O
130,7,small,O
130,8,town,O
130,9,on,O
130,10,the,O
130,11,outskirts,O
130,12,of,O
130,13,The,O
130,14,Woodlands,O
130,15,that,O
130,16,has,O
130,17,barely,O
130,18,begun,O
130,19,recovering,O
130,20,from,O
130,21,Harvey,B-DISASTER
130,22,.,O
131,0,Reporting,O
131,1,in,O
131,2,Bear,O
131,3,Creek,O
131,4,area,O
131,5,.,O
131,6,Devastation,O
131,7,.,O
131,8,Schools,B-INFRASTRUCTURE
131,9,still,O
131,10,closed,O
131,11,.,O
131,12,Harvey,B-DISASTER
132,0,13,O
132,1,Toxic,O
132,2,Waste,O
132,3,Sites,O
132,4,Damaged,O
132,5,by,O
132,6,Harvey,B-DISASTER
132,7,",",O
132,8,Houston,B-LOCATION
132,9,Awash,O
132,10,in,O
132,11,Chemicals,O
133,0,Dairy,O
133,1,Queen,O
133,2,in,O
133,3,Wharton,O
133,4,now,O
133,5,.,O
133,6,All,O
133,7,southeast,O
133,8,Texas,B-LOCATION
133,9,affected,O
133,10,.,O
133,11,Hurricane,B-DISASTER
133,12,Harvey,I-DISASTER
134,0,Listen,O
134,1,:,O
134,2,Powerful,O
134,3,Hurricane,B-DISASTER
134,4,Maria,I-DISASTER
134,5,lashes,O
134,6,St,O
134,7,.,O
134,8,Croix,O
134,9,",",O
134,10,takes,O
134,11,aim,O
134,12,at,O
134,13,Puerto,B-LOCATION
134,14,Rico,I-LOCATION
135,0,Work,O
135,1,on,O
135,2,the,O
135,3,outages,O
135,4,with,O
135,5,is,O
135,6,going,O
135,7,well,O
135,8,in,O
135,9,the,O
135,10,Gainesville,O
135,11,area,O
135,12,.,O
135,13,‚,O
135,14,úä,O
135,15,·,O
135,16,oøB,O
135,17,·,O
135,18,Ωá7,O
135,19,·,O
135,20,oøB,O
135,21,‚,O
135,22,ö,O
135,23,Ô,O
135,24,è,O
135,25,Irma,B-DISASTER
136,0,Mobilehomes,O
136,1,battered,O
136,2,but,O
136,3,largely,O
136,4,intact,O
136,5,after,O
136,6,Irma,B-DISASTER
136,7,-,O
136,8,manufacturedhomes,O
137,0,A,O
137,1,devastating,O
137,2,earthquake,B-DISASTER
137,3,has,O
137,4,claimed,O
137,5,hundreds,O
137,6,of,O
137,7,lives,O
137,8,",",O
137,9,details,O
137,10,still,O
137,11,emerging,O
137,12,.,O
138,0,My,O
138,1,Harvey,B-DISASTER
138,2,damage,O
138,3,looks,O
138,4,like,O
138,5,a,O
138,6,mutating,O
138,7,Tetsuo,O
138,8,from,O
138,9,Akira,O
139,0,Harvey,B-DISASTER
139,1,damage,O
139,2,could,O
139,3,reach,O
139,4,$,O
139,5,180,O
139,6,billion,O
139,7,-,O
140,0,Now,O
140,1,Hatteras,O
140,2,Island,O
140,3,getting,O
140,4,hammered,O
140,5,by,O
140,6,Hurricane,B-DISASTER
140,7,Maria,I-DISASTER
141,0,BREAKING,O
141,1,President,O
141,2,Trump,O
141,3,to,O
141,4,pledge,O
141,5,$,O
141,6,1,O
141,7,million,O
141,8,in,O
141,9,personal,O
141,10,funds,O
141,11,to,O
141,12,Harvey,B-DISASTER
141,13,relief,O
141,14,efforts,O
141,15,.,O
142,0,large,O
142,1,tree,O
142,2,down,O
142,3,in,O
142,4,boyntonbeach,O
142,5,just,O
142,6,came,O
142,7,out,O
142,8,of,O
142,9,a,O
142,10,tornado,B-DISASTER
142,11,warning,O
142,12,Hurrcane,O
142,13,Irma,B-DISASTER
143,0,ICYMI,O
143,1,:,O
143,2,RARadio,O
143,3,Samaritan,O
143,4,',O
143,5,s,O
143,6,Purse,O
143,7,Ramping,O
143,8,Up,O
143,9,Aid,O
143,10,Efforts,O
143,11,in,O
143,12,Caribbean,O
143,13,After,O
143,14,Hurricane,B-DISASTER
143,15,Maria,I-DISASTER
144,0,Robert,O
144,1,De,O
144,2,Niro,O
144,3,Vows,O
144,4,to,O
144,5,Help,O
144,6,Barbuda,O
144,7,Rebuild,O
144,8,After,O
144,9,Hurricane,B-DISASTER
144,10,Irma,I-DISASTER
144,11,Devastation,O
145,0,Damage,O
145,1,from,O
145,2,Irma,B-DISASTER
145,3,at,O
145,4,Our,O
145,5,House,O
145,6,.,O
145,7,ὡ4,O
145,8,Atleast,O
145,9,It,O
145,10,is,O
145,11,Property,O
145,12,Damage,O
145,13,that,O
145,14,can,O
145,15,be,O
145,16,Fixed,O
145,17,.,O
145,18,Irma,B-DISASTER
145,19,AWeek,O
145,20,Later,O
146,0,Currently,O
146,1,stuck,O
146,2,on,O
146,3,Monroe,O
146,4,.,O
146,5,.,O
146,6,.,O
146,7,.,O
146,8,R,O
146,9,.,O
146,10,I,O
146,11,.,O
146,12,P,O
146,13,my,O
146,14,truck,O
146,15,.,O
146,16,.,O
146,17,.,O
146,18,Hurricane,B-DISASTER
146,19,Harvey,I-DISASTER
147,0,Rescue,O
147,1,operations,O
147,2,in,O
147,3,full,O
147,4,swing,O
147,5,in,O
147,6,Houston,B-LOCATION
147,7,as,O
147,8,people,O
147,9,flee,O
147,10,flooding,O
147,11,from,O
147,12,Tropical,B-DISASTER
147,13,Storm,I-DISASTER
147,14,Harvey,B-DISASTER
147,15,.,O
148,0,Some,O
148,1,homeowners,O
148,2,impacted,O
148,3,by,O
148,4,Irma,B-DISASTER
148,5,may,O
148,6,qualify,O
148,7,to,O
148,8,temporarily,O
148,9,stop,O
148,10,paying,O
148,11,their,O
148,12,mortgage,O
149,0,Back,O
149,1,in,O
149,2,Florida,B-LOCATION
149,3,.,O
149,4,Will,O
149,5,head,O
149,6,home,O
149,7,in,O
149,8,a,O
149,9,couple,O
149,10,days,O
149,11,.,O
149,12,Missing,O
149,13,Puerto,B-LOCATION
149,14,Rico,I-LOCATION
149,15,already,O
149,16,.,O
150,0,ShelterBox,O
150,1,working,O
150,2,closely,O
150,3,with,O
150,4,Rotary,O
150,5,in,O
150,6,the,O
150,7,Caribbean,O
150,8,following,O
150,9,Hurricane,B-DISASTER
150,10,Irma,I-DISASTER
150,11,Irma,B-DISASTER
150,12,.,O
150,13,.,O
150,14,.,O
151,0,windturbines,O
151,1,stand,O
151,2,up,O
151,3,intact,O
151,4,after,O
151,5,Hurricane,B-DISASTER
151,6,Maria,I-DISASTER
151,7,surrounded,O
151,8,by,O
151,9,total,O
151,10,devastation,O
151,11,in,O
151,12,Puerto,B-LOCATION
151,13,Rico,I-LOCATION
151,14,.,O
152,0,Helping,O
152,1,people,O
152,2,affected,O
152,3,by,O
152,4,Irma,B-DISASTER
153,0,Hurricane,B-DISASTER
153,1,Maria,I-DISASTER
153,2,:,O
153,3,Anguilla,O
153,4,fears,O
153,5,further,O
153,6,devastation,O
153,7,as,O
153,8,island,O
153,9,struggles,O
153,10,with,O
153,11,Irma,B-DISASTER
153,12,clear-up,O
154,0,See,O
154,1,what,O
154,2,Maria,B-DISASTER
154,3,did,O
154,4,to,O
154,5,the,O
154,6,Caribbean,O
154,7,Social,O
154,8,Media,O
155,0,Flooded,O
155,1,but,O
155,2,still,O
155,3,a,O
155,4,beautiful,O
155,5,city,O
155,6,nevertheless,O
155,7,.,O
155,8,ὄFὤF,O
155,9,Harvey2017,O
155,10,Houston,B-LOCATION
155,11,Hurricane,B-DISASTER
155,12,Harvey,I-DISASTER
156,0,Post,O
156,1,Irma,B-DISASTER
156,2,pics,O
156,3,.,O
157,0,Feds,O
157,1,Move,O
157,2,to,O
157,3,Crack,O
157,4,Down,O
157,5,on,O
157,6,Hurricane,B-DISASTER
157,7,Harvey,I-DISASTER
157,8,Scammers,O
157,9,-,O
157,10,scams,O
157,11,fraud,O
157,12,harvey,B-DISASTER
158,0,It,O
158,1,sure,O
158,2,is,O
158,3,.,O
158,4,:,O
158,5,Harvey,B-DISASTER
158,6,',O
158,7,s,O
158,8,potential,O
158,9,fiscal,O
158,10,impact,O
158,11,to,O
158,12,the,O
158,13,state,O
158,14,',O
158,15,mind-boggling,O
158,16,',O
158,17,via,O
159,0,Elon,O
159,1,Musk,O
159,2,floats,O
159,3,solar,O
159,4,overhaul,O
159,5,of,O
159,6,Puerto,B-LOCATION
159,7,Rico,I-LOCATION
159,8,power,O
159,9,grid,O
159,10,",",O
159,11,governor,O
159,12,says,O
159,13,"""",O
159,14,Let,O
159,15,',O
159,16,s,O
159,17,talk,O
159,18,"""",O
160,0,How,O
160,1,to,O
160,2,track,O
160,3,the,O
160,4,ongoing,O
160,5,fallout,O
160,6,from,O
160,7,Hurricane,B-DISASTER
160,8,Harvey,I-DISASTER
160,9,",",O
160,10,by,O
161,0,This,O
161,1,is,O
161,2,what,O
161,3,was,O
161,4,left,O
161,5,of,O
161,6,my,O
161,7,once,O
161,8,beautiful,O
161,9,rustic,O
161,10,office,O
161,11,door,O
161,12,at,O
161,13,school,O
161,14,after,O
161,15,Irma,B-DISASTER
161,16,.,O
161,17,Thankful,O
161,18,for,O
161,19,no,O
161,20,major,O
161,21,damage,O
161,22,.,O
162,0,University,O
162,1,head,O
162,2,ousted,O
162,3,over,O
162,4,Irma,B-DISASTER
162,5,evacuations,O
163,0,post,O
163,1,hurricane,B-DISASTER
163,2,irma,I-DISASTER
163,3,clean,O
163,4,up,O
163,5,ft,O
163,6,.,O
163,7,dad,O
163,8,and,O
163,9,a,O
163,10,machete,O
163,11,portra160,O
164,0,Austin,O
164,1,',O
164,2,s,O
164,3,TurnKey,O
164,4,Vacation,O
164,5,Rentals,O
164,6,takes,O
164,7,a,O
164,8,hit,O
164,9,from,O
164,10,Harvey,B-DISASTER
164,11,on,O
164,12,Texas,B-LOCATION
164,13,coast,O
165,0,Hurricane,B-DISASTER
165,1,Maria,I-DISASTER
165,2,',O
165,3,s,O
165,4,devastating,O
165,5,strength,O
165,6,leaves,O
165,7,island,O
165,8,powerless,O
166,0,Struggling,O
166,1,Puerto,B-LOCATION
166,2,Rico,I-LOCATION
166,3,children,O
166,4,',O
166,5,s,O
166,6,Hospital,B-INFRASTRUCTURE
166,7,gets,O
166,8,Solar,O
166,9,p,O
166,10,.,O
166,11,.,O
166,12,.,O
166,13,-,O
166,14,-,O
166,15,Childrens,O
166,16,Topstories,O
167,0,Puerto,B-LOCATION
167,1,Rico,I-LOCATION
167,2,',O
167,3,s,O
167,4,Massive,O
167,5,Blackout,O
167,6,Underscores,O
167,7,Island,O
167,8,',O
167,9,s,O
167,10,Fragile,O
167,11,Electrical,O
167,12,System,O
168,0,Woman,O
168,1,makes,O
168,2,‚,O
168,3,Äòsexy,O
168,4,‚,O
168,5,Äô,O
168,6,sign,O
168,7,to,O
168,8,get,O
168,9,power,O
168,10,back,O
168,11,on,O
168,12,after,O
168,13,Irma,B-DISASTER
168,14,via,O
169,0,Battered,O
169,1,by,O
169,2,Hurricane,B-DISASTER
169,3,Irma,I-DISASTER
169,4,",",O
169,5,thousands,O
169,6,flee,O
169,7,St,O
169,8,.,O
169,9,John,O
169,10,island,O
169,11,in,O
169,12,path,O
169,13,of,O
169,14,the,O
169,15,next,O
169,16,storm,B-DISASTER
169,17,pinoy,O
169,18,‚,O
169,19,Ä,O
169,20,¶,O
170,0,Looks,O
170,1,like,O
170,2,potential,O
170,3,tornado,B-DISASTER
170,4,touched,O
170,5,down,O
170,6,on,O
170,7,Delray,O
170,8,Beach,O
170,9,Meridian,O
170,10,hurricaneimra,O
170,11,Hurricaine,O
170,12,Irma2017,O
171,0,Hurricanes,O
171,1,Irma,B-DISASTER
171,2,",",O
171,3,Harvey,B-DISASTER
171,4,and,O
171,5,disaster,O
171,6,recovery,O
171,7,planning,O
171,8,BCDR,O
172,0,google-news,O
172,1,Puerto,B-LOCATION
172,2,Rico,I-LOCATION
172,3,',O
172,4,s,O
172,5,storm,B-DISASTER
172,6,of,O
172,7,misery,O
173,0,The,O
173,1,tech,O
173,2,tools,O
173,3,crucial,O
173,4,to,O
173,5,rescuers,O
173,6,during,O
173,7,Hurricane,B-DISASTER
173,8,Harvey,I-DISASTER
173,9,Tech,O
173,10,Buzz,O
174,0,Veyangalla,O
174,1,",",O
174,2,a,O
174,3,village,O
174,4,heavily,O
174,5,affected,O
174,6,by,O
174,7,recent,O
174,8,flood,B-DISASTER
174,9,SL,O
174,10,in,O
174,11,Kalutura,O
174,12,district,O
174,13,",",O
174,14,today,O
174,15,situation,O
174,16,lka,O
174,17,Sri,O
174,18,Lanka,O
175,0,Irma,B-DISASTER
175,1,knocked,O
175,2,out,O
175,3,all,O
175,4,the,O
175,5,lights,O
175,6,in,O
175,7,Melbourne,O
175,8,Beach,O
175,9,and,O
175,10,LOOK,O
175,11,AT,O
175,12,IT,O
176,0,This,O
176,1,photo,O
176,2,though,O
176,3,of,O
176,4,a,O
176,5,man,O
176,6,riding,O
176,7,his,O
176,8,bicycle,O
176,9,through,O
176,10,a,O
176,11,damaged,O
176,12,road,O
176,13,in,O
176,14,San,B-LOCATION
176,15,Juan,I-LOCATION
176,16,following,O
176,17,Hurricane,B-DISASTER
176,18,Maria,I-DISASTER
176,19,.,O
177,0,Jayuya,O
177,1,",",O
177,2,PR,O
177,3,(,O
177,4,Mameyes,O
177,5,),O
177,6,not,O
177,7,far,O
177,8,from,O
177,9,home,O
177,10,.,O
177,11,It,O
177,12,sucks,O
177,13,to,O
177,14,see,O
177,15,Puerto,B-LOCATION
177,16,Rico,I-LOCATION
177,17,like,O
177,18,this,O
177,19,.,O
177,20,Ὁ4ὢ2,O
177,21,Hurricane,B-DISASTER
177,22,Maria,I-DISASTER
178,0,Hurricane,B-DISASTER
178,1,Irma,I-DISASTER
178,2,unearths,O
178,3,ancient,O
178,4,canoe,O
178,5,in,O
178,6,Indian,O
178,7,River,O
178,8,in,O
178,9,Brevard,O
178,10,:,O
179,0,Weakened,O
179,1,Hurricane,B-DISASTER
179,2,Harvey,I-DISASTER
179,3,settles,O
179,4,in,O
179,5,over,O
179,6,southeast,O
179,7,Texas,B-LOCATION
179,8,.,O
179,9,.,O
179,10,.,O
179,11,#,O
180,0,Why,O
180,1,2017,O
180,2,is,O
180,3,shaping,O
180,4,up,O
180,5,to,O
180,6,be,O
180,7,one,O
180,8,of,O
180,9,Californiaâ,O
180,10,TMs,O
180,11,worst,O
180,12,fire,B-DISASTER
180,13,seasons,O
181,0,One,O
181,1,Early,O
181,2,Lesson,O
181,3,From,O
181,4,Irma,B-DISASTER
181,5,:,O
181,6,Hurricane,O
181,7,Building,O
181,8,Codes,O
181,9,Work,O
181,10,hurricane,O
181,11,housing,O
182,0,Hurricane,B-DISASTER
182,1,Irma,I-DISASTER
182,2,damages,O
182,3,Catholic,O
182,4,church,O
182,5,in,O
182,6,Big,O
182,7,Pine,O
182,8,Key,O
183,0,The,O
183,1,Woodlands,O
183,2,approves,O
183,3,$,O
183,4,500,O
183,5,",",O
183,6,000,O
183,7,to,O
183,8,supplement,O
183,9,Harvey,B-DISASTER
183,10,cleanup,O
183,11,costs,O
183,12,:,O
183,13,Hurricane,B-DISASTER
183,14,Harvey,I-DISASTER
184,0,Pictures,O
184,1,from,O
184,2,the,O
184,3,Heights,O
184,4,neighborhood,O
184,5,in,O
184,6,Houston,B-LOCATION
184,7,.,O
184,8,Water,B-AID_RESOURCE
184,9,is,O
184,10,rising,O
184,11,.,O
184,12,Harvey,B-DISASTER
185,0,business,O
185,1,:,O
185,2,FEMA,B-ORG
185,3,is,O
185,4,prepared,O
185,5,to,O
185,6,be,O
185,7,on,O
185,8,Harvey,B-DISASTER
185,9,recovery,O
185,10,for,O
185,11,years,O
186,0,Day,O
186,1,5,O
186,2,in,O
186,3,storm-ravaged,O
186,4,",",O
186,5,blacked-out,O
186,6,Puerto,B-LOCATION
186,7,Rico,I-LOCATION
186,8,:,O
186,9,This,O
186,10,is,O
186,11,chaos,O
186,12,',O
186,13,Maria,B-DISASTER
187,0,Cleaning,O
187,1,up,O
187,2,in,O
187,3,some,O
187,4,of,O
187,5,Houston,B-LOCATION
187,6,',O
187,7,s,O
187,8,hardest-hit,O
187,9,neighborhoods,O
187,10,after,O
187,11,Harvey,B-DISASTER
187,12,kprc2,O
188,0,The,O
188,1,scope,O
188,2,of,O
188,3,Puerto,B-LOCATION
188,4,Rico,I-LOCATION
188,5,',O
188,6,s,O
188,7,devastation,O
188,8,is,O
188,9,captured,O
188,10,in,O
188,11,newly-shared,O
188,12,video,O
189,0,Record-breaking,O
189,1,Hurricane,B-DISASTER
189,2,Irma,I-DISASTER
189,3,wreaks,O
189,4,havoc,O
189,5,across,O
189,6,Caribbean,O
189,7,:,O
189,8,',O
189,9,It,O
189,10,is,O
189,11,apocalyptic,O
189,12,',O
189,13,trending,O
190,0,ὢATropical,O
190,1,storm,B-DISASTER
190,2,Harvey,B-DISASTER
190,3,to,O
190,4,slam,O
190,5,Louisiana,O
190,6,next,O
191,0,Images,O
191,1,of,O
191,2,Irma,B-DISASTER
191,3,.,O
191,4,Florida,B-LOCATION
191,5,Keys,O
192,0,Man,O
192,1,Taking,O
192,2,Pictures,O
192,3,Gets,O
192,4,Slammed,O
192,5,by,O
192,6,Hurricane,B-DISASTER
192,7,Irma,I-DISASTER
192,8,Wave,O
193,0,Riverdale,O
193,1,IB,O
193,2,juniors,O
193,3,/,O
193,4,seniors,O
193,5,helping,O
193,6,cleanup,O
193,7,in,O
193,8,Alva,O
193,9,post,O
193,10,Irma,B-DISASTER
194,0,The,O
194,1,hurricane,O
194,2,"""",O
194,3,Harvey,B-DISASTER
194,4,"""",O
194,5,in,O
194,6,the,O
194,7,USA,O
194,8,:,O
194,9,first,O
194,10,victims,O
194,11,and,O
194,12,destructions,O
194,13,-,O
194,14,RIA,O
194,15,Novosti,O
194,16,",",O
194,17,8,O
194,18,/,O
194,19,27,O
194,20,/,O
194,21,20,O
194,22,.,O
194,23,.,O
194,24,.,O
195,0,"""",O
195,1,Barbuda,O
195,2,is,O
195,3,practicably,O
195,4,uninhabitable,O
195,5,"""",O
195,6,after,O
195,7,Cat,O
195,8,.,O
195,9,5,O
195,10,Hurricane,B-DISASTER
195,11,Irma,I-DISASTER
195,12,-,O
195,13,PM,O
195,14,Gaston,O
195,15,Browne,O
