event_name,tweet_id,image_id,tweet_text,tweet_url,image_path,label
hurricane_maria,923466082358263808,923466082358263808_0,Questions over $300m Puerto Rico contract handed to two-person firm #Scotland,https://t.co/82eHTxCmuq,data_image/hurricane_maria/26_10_2017/923466082358263808_0.jpg,0
hurricane_harvey,905930890735439873,905930890735439873_2,Some of the devastation from #Harvey friends and family who lost everything ὢ2 prayers neededὉ4 @DonnieWahlberg #BH❤,https://t.co/2rNeqYEEQJ,data_image/hurricane_harvey/7_9_2017/905930890735439873_2.jpg,0
hurricane_maria,911711789246693377,911711789246693377_0,Dominican Republic: 38 towns isolated after #HurricaneMaria,https://t.co/qhzfmmo52R,data_image/hurricane_maria/23_9_2017/911711789246693377_0.jpg,0
hurricane_harvey,905556047984824322,905556047984824322_1,"RT @MedinaStormCast: @weatherchannel Crestline, OH tornado damage.",https://t.co/6anRQAf3te,data_image/hurricane_harvey/6_9_2017/905556047984824322_1.jpg,0
hurricane_maria,915319640145911809,915319640145911809_1,RT @newxseason: Trump in Puerto Rico: “this isn’t a REAL catastrophe like Katrina” ὄ7ἿCὄ7ἿCὄ7ἿCὄ7ἿC What? ᾓ7ἿD‍♀️,https://t.co/KzCwt6jHKb,data_image/hurricane_maria/3_10_2017/915319640145911809_1.jpg,1
hurricane_harvey,908270102289805312,908270102289805312_0,Property/casualty group Travelers sees up to $750m in losses from Hurricane Harvey,https://t.co/5xCY76mJat,data_image/hurricane_harvey/14_9_2017/908270102289805312_0.jpg,2
mexico_earthquake,912048104651788289,912048104651788289_2,Extra images of the leaning building #MexicoEarthquake,https://t.co/SibrGMDgjv,data_image/mexico_earthquake/24_9_2017/912048104651788289_2.jpg,0
hurricane_irma,909880224631857152,909880224631857152_0,"Restoration of Water Supply Benefits 25,000 Cubans Affected by Irma",https://t.co/SdqjlogwpZ,data_image/hurricane_irma/18_9_2017/909880224631857152_0.jpg,0
hurricane_maria,910582078470852608,910582078470852608_0,Seven Die and Thousands Hurricane-Stricken in Dominica After Maria -,https://t.co/YtuDznHy2X,data_image/hurricane_maria/20_9_2017/910582078470852608_0.jpg,1
hurricane_harvey,906934889919991808,906934889919991808_0,Analysts: Hurricane Harvey could slow economic growth by full percentage point,https://t.co/xFaettK2sp,data_image/hurricane_harvey/10_9_2017/906934889919991808_0.jpg,0
hurricane_irma,909900030886187009,909900030886187009_0,#Mary #threatens to #repeat the #wake of #destruction left by #Irma,https://t.co/cqHXG3lQKJ,data_image/hurricane_irma/18_9_2017/909900030886187009_0.jpg,0
hurricane_harvey,904802599219625985,904802599219625985_0,RT @SunSentinel: South Florida businesses launch Hurricane Harvey relief efforts,https://t.co/CBryGSKMCo,data_image/hurricane_harvey/4_9_2017/904802599219625985_0.jpg,2
hurricane_harvey,904240884241326081,904240884241326081_0,Harvey Economic Loss Could Be Up To $75bn: Moody's Analytics - Seeking Alpha,https://t.co/228x6ddayD,data_image/hurricane_harvey/3_9_2017/904240884241326081_0.jpg,0
hurricane_harvey,906372211216408576,906372211216408576_0,Indian-Americans urged to raise funds for Harvey relief #news #India,https://t.co/LASkn2ouhH,data_image/hurricane_harvey/9_9_2017/906372211216408576_0.jpg,0
hurricane_harvey,905717230373146624,905717230373146624_0,Insurers and reinsurers struggling to assess the damage of Hurricane Harvey,https://t.co/PQ4NPtJLZL,data_image/hurricane_harvey/7_9_2017/905717230373146624_0.jpg,2
hurricane_harvey,907772978116653056,907772978116653056_0,Two weeks after #Harvey: Miles upon miles of gutted homes. So sad...,https://t.co/r8HJpxjuzu,data_image/hurricane_harvey/13_9_2017/907772978116653056_0.jpg,1
hurricane_maria,910534805565071361,910534805565071361_0,RT @daytondailynews: Just In: Hurricane #Maria causes at least 8 deaths in #Dominica,https://t.co/4vJqaBD701,data_image/hurricane_maria/20_9_2017/910534805565071361_0.jpg,0
hurricane_irma,910128121541689346,910128121541689346_0,Tax help for businesses hit by Harvey and Irma | Canadian Payroll Reporter #Payroll,https://t.co/9GrH2CyBj7,data_image/hurricane_irma/19_9_2017/910128121541689346_0.jpg,1
hurricane_irma,910124639170506752,910124639170506752_0,Scary point from @jimwaterson in the British Virgin Islands: Maria will turn debris from Irma into deadly missiles.‚Ä¶,https://t.co/CwDTZYeB58,data_image/hurricane_irma/19_9_2017/910124639170506752_0.jpg,2
hurricane_maria,922465813650706432,922465813650706432_0,"How Will Puerto Rico, Devastated and Drowning in Debt, Pay to Rebuild?",https://t.co/Xxn1lSJOTx,data_image/hurricane_maria/23_10_2017/922465813650706432_0.jpg,2
hurricane_maria,911689240291004416,911689240291004416_0,(Macleans):#Crisis deepens in #Puerto Rico after Hurricane Maria : Many towns have been..,https://t.co/CGenYTqJcc,data_image/hurricane_maria/23_9_2017/911689240291004416_0.jpg,2
hurricane_irma,909447240959262720,909447240959262720_3,As residents are allowed back into the lower #FloridaKeys this is what some will find in #RamrodKey @CBSNews #Irma,https://t.co/KFFVTaQ7hF,data_image/hurricane_irma/17_9_2017/909447240959262720_3.jpg,2
hurricane_irma,909811915987267585,909811915987267585_0,'Long road to go': Officials talk #Irma relief in the Florida Keys:,https://t.co/O6Ea6PWh3G,data_image/hurricane_irma/18_9_2017/909811915987267585_0.jpg,0
hurricane_maria,914113249934811136,914113249934811136_1,ἳ4 ἟5἟7἟5἟7἟5἟7 Help Rebuild Puerto Rico's Sustainable Farming After Hurricane Maria ἟5἟7἟5἟7἟5἟7 ἳ4,https://t.co/Nkw5F8ZH9x,data_image/hurricane_maria/30_9_2017/914113249934811136_1.jpg,0
hurricane_maria,922104773821718529,922104773821718529_0,Zakaria proposes 'grand bargain' on Puerto Rico's debt #news #latest,https://t.co/3mGJpnRWst,data_image/hurricane_maria/22_10_2017/922104773821718529_0.jpg,2
hurricane_harvey,906660386803523587,906660386803523587_0,Back to the flooded home after hurricane Harvey left #photo #picture - RT PlanetaPic,https://t.co/aaVm4SfmLf,data_image/hurricane_harvey/9_9_2017/906660386803523587_0.jpg,1
hurricane_irma,910122575380000768,910122575380000768_0,FHWA Gives Florida DOT $25 Million for Irma Relief,https://t.co/vcBkhvaHVX,data_image/hurricane_irma/19_9_2017/910122575380000768_0.jpg,1
hurricane_irma,909748542666887173,909748542666887173_0,Woman gets help after dealing with Irma and Matthew,https://t.co/oJMrbFhCYb,data_image/hurricane_irma/18_9_2017/909748542666887173_0.jpg,0
hurricane_harvey,901655268215341056,901655268215341056_0,Harvey: Fears grow over severe flooding risk #myreadinglist,https://t.co/9VSuFO9jUV,data_image/hurricane_harvey/27_8_2017/901655268215341056_0.jpg,2
hurricane_harvey,904705836521545728,904705836521545728_0,"#HurricaneHarvey dealt #Houston catastrophic #flooding, and it’s not over yet.",https://t.co/8A2CuI1ETi,data_image/hurricane_harvey/4_9_2017/904705836521545728_0.jpg,2
california_wildfires,919665020899704832,919665020899704832_0,There's a climate change fire alarm ringing in Northern California. #ActOnClimate,https://t.co/Mddeq1YNzz,data_image/california_wildfires/15_10_2017/919665020899704832_0.jpg,2
hurricane_irma,909437071491833856,909437071491833856_0,Regulations Eliminated by Trump Are Needed Now to Rebuilt After Irma,https://t.co/RVEYqLB7sP,data_image/hurricane_irma/17_9_2017/909437071491833856_0.jpg,2
hurricane_irma,909480824826888192,909480824826888192_0,The Forgotten Americans: Why Did U.S. Media Ignore U.S. Virgin Islands Devastated by Irma?,https://t.co/u8jOuMIVeh,data_image/hurricane_irma/17_9_2017/909480824826888192_0.jpg,2
hurricane_maria,922969963035615233,922969963035615233_0,RT @kylejosephmay: IBEC Emergency Housing WKH Puerto Rico,http://t.co/ZTDNDXYbdV,data_image/hurricane_maria/24_10_2017/922969963035615233_0.jpg,0
hurricane_harvey,905405070526873600,905405070526873600_0,RT @SanAntTXRR: USAA website helps Harvey evacuees see property before and after the storm,https://t.co/DPa3SIT8Vt,data_image/hurricane_harvey/6_9_2017/905405070526873600_0.jpg,1
hurricane_maria,912093260880936961,912093260880936961_2,RT @aresariel: @JLo #HurricaneMaria destroy my house but not my spirit #PuertoRicoSeLevanta,https://t.co/FqB2czY6C1,data_image/hurricane_maria/24_9_2017/912093260880936961_2.jpg,1
mexico_earthquake,911680036578762756,911680036578762756_0,New earthquake in Mexico: State of emergency has happened in the State of Oaxaca,https://t.co/JCJsBlXBv1,data_image/mexico_earthquake/23_9_2017/911680036578762756_0.jpg,1
hurricane_maria,922015756140843008,922015756140843008_1,@realDonaldTrump worried about the fake press?! F that worry about Puerto Rico the reality that you did not see,https://t.co/xUXwwwKWvw,data_image/hurricane_maria/22_10_2017/922015756140843008_1.jpg,1
hurricane_maria,912154071905263618,912154071905263618_0,Hurricane Maria: UK pledges Â£5m to Dominica after island ravaged byÂ storm,https://t.co/u2TdUgfGIU,data_image/hurricane_maria/25_9_2017/912154071905263618_0.jpg,2
california_wildfires,918060571517480960,918060571517480960_0,Wildfires hits #California #BRupdates #fire #injuries,https://t.co/AphMxZYLEe,data_image/california_wildfires/11_10_2017/918060571517480960_0.jpg,2
hurricane_irma,909879985434877952,909879985434877952_0,Irma update: Five things we know about Lee schools today,https://t.co/MpIhgLrxHk,data_image/hurricane_irma/18_9_2017/909879985434877952_0.jpg,1
hurricane_irma,909905907470995456,909905907470995456_0,"Miami Real Estate Mostly Spared From Irma‚Äôs Fury, Industry Players Say: #CRE",https://t.co/JSbWaxne6H,data_image/hurricane_irma/18_9_2017/909905907470995456_0.jpg,0
hurricane_maria,912133618675437569,912133618675437569_0,Puerto Rico’s Agriculture and Farmers Decimated by Maria,https://t.co/32w1DErw4V,data_image/hurricane_maria/25_9_2017/912133618675437569_0.jpg,1
hurricane_harvey,908723853798641664,908723853798641664_0,Today is the final day to help with #HurricaneHarvey relief by purchasing #indiemusic,https://t.co/A7EZ99yqfQ,data_image/hurricane_harvey/15_9_2017/908723853798641664_0.jpg,0
hurricane_maria,912417890770579457,912417890770579457_0,Want to help with St. Croix hurricane relief and recovery efforts? Donate to #HurricaneMaria,https://t.co/2HWIF2tT4U,data_image/hurricane_maria/25_9_2017/912417890770579457_0.jpg,2
hurricane_harvey,905491119705702400,905491119705702400_1,"PHOTOS: New album ""Texas recovers from Harvey"" posted on our Facebook page (CNS/Bob Roller)",https://t.co/ybiqlVD2mi,data_image/hurricane_harvey/6_9_2017/905491119705702400_1.jpg,1
hurricane_irma,910122628098248704,910122628098248704_0,10:30 #Trump Address #UNGA! #ClimateChange? #Harvey #Irma #Maria? My @talkmedianews Analysis to Follow‚Ä¶,https://t.co/ByyDzLLUj3,data_image/hurricane_irma/19_9_2017/910122628098248704_0.jpg,0
hurricane_irma,906928042865504261,906928042865504261_0,"RT @CNN_Oppmann: Irma has submerged the town of Caibarien, Cuba under several feet of water.",https://t.co/qz4QwNdYak,data_image/hurricane_irma/10_9_2017/906928042865504261_0.jpg,0
hurricane_harvey,904623462077140993,904623462077140993_0,#Texas #Edges #Closer to #Recovery after #Harvey as #Key #Pipe... - - #News,https://t.co/mmAe2SORTz,data_image/hurricane_harvey/4_9_2017/904623462077140993_0.jpg,0
hurricane_irma,909839453010702338,909839453010702338_0,Our crews continue restoring power for storm-weary Floridians. #Irma restoration work for @insideFPL now neighborho…,https://t.co/RqIsHK8itX,data_image/hurricane_irma/18_9_2017/909839453010702338_0.jpg,0
hurricane_harvey,905377045873651712,905377045873651712_0,RT @Reuters: Follow live updates on #Harvey and its aftermath:,https://t.co/cVQZHcP9Gn,data_image/hurricane_harvey/6_9_2017/905377045873651712_0.jpg,2
hurricane_irma,909835505747054592,909835505747054592_0,RT @News12WC: Hudson Valley families with ties to Florida track Irma‚Äôs wrath -,https://t.co/x1upnlGmii,data_image/hurricane_irma/18_9_2017/909835505747054592_0.jpg,0
hurricane_maria,911818109123747846,911818109123747846_3,RT @HighvTweet: St. Thomas was also hammered. This is Bluebeard Resort in Limetree. #stt #stthomas #hurricanemaria,https://t.co/PVqNRfjYEs,data_image/hurricane_maria/24_9_2017/911818109123747846_3.jpg,1
srilanka_floods,870043559076007936,870043559076007936_0,Cyclone Mora: 4 Odisha districts put #HollywoodBoxOffice #Streaming #StreamingTV #comcast,https://t.co/3eucqoapWa,data_image/srilanka_floods/31_5_2017/870043559076007936_0.jpg,1
hurricane_maria,914663754117386240,914663754117386240_0,@JLo Just 1 pic of the damage done to my optometry school by hurricane Maria in ....,https://t.co/BvMsCCU5eN,data_image/hurricane_maria/2_10_2017/914663754117386240_0.jpg,1
hurricane_irma,910156250368888832,910156250368888832_1,The crews in Florida are hard at work. #irma #publicpower,https://t.co/YZeVPp31az,data_image/hurricane_irma/19_9_2017/910156250368888832_1.jpg,0
hurricane_maria,923319080496529408,923319080496529408_0,Mutual Finds Not Waiting To See How Puerto Rico’s Story Ends,https://t.co/w7xOid3g8H,data_image/hurricane_maria/25_10_2017/923319080496529408_0.jpg,2
california_wildfires,919735783069642752,919735783069642752_0,Fire Storm California â€“ Geoterrorism â€“ No Justice â€¦Â JUSTUS!!!,https://t.co/XCvToIJp3a,data_image/california_wildfires/16_10_2017/919735783069642752_0.jpg,2
hurricane_maria,911956417937944576,911956417937944576_0,Hurricane Maria Could Threaten North Carolina Later This Week - Bloomberg @greensboro_nc,https://t.co/uTbIqcuJyc,data_image/hurricane_maria/24_9_2017/911956417937944576_0.jpg,1
hurricane_harvey,908021007612555270,908021007612555270_0,The ‘second disaster’ facing the victims of Harvey and Irma #ClimateChange #tfb #f4f,https://t.co/gna5hN1iep,data_image/hurricane_harvey/13_9_2017/908021007612555270_0.jpg,2
california_wildfires,920005307148804096,920005307148804096_0,On the road to our live shot location this afternoon: Some of what the California wildfires left behind.,https://t.co/qxFqMn6CJD,data_image/california_wildfires/16_10_2017/920005307148804096_0.jpg,2
hurricane_maria,911944421507297280,911944421507297280_0,Meanwhile our divisive clueless Prez Jackass focuses only on kneeling and WH invites.,https://t.co/K0DFkfp2UJ,data_image/hurricane_maria/24_9_2017/911944421507297280_0.jpg,1
hurricane_harvey,904692950780846082,904692950780846082_0,"RT @callerdotcom: Harvey 2017: Homeless shelter up, running after storm",https://t.co/Lsni63MJ63,data_image/hurricane_harvey/4_9_2017/904692950780846082_0.jpg,1
srilanka_floods,870605057548443648,870605057548443648_0,North east India worst hit by Cyclone Mora,https://t.co/LdZsvLiLA2,data_image/srilanka_floods/2_6_2017/870605057548443648_0.jpg,2
california_wildfires,919827031562510336,919827031562510336_0,"As crews gain ground, California fire victims return home",https://t.co/AXGTk8Bo7v,data_image/california_wildfires/16_10_2017/919827031562510336_0.jpg,2
hurricane_harvey,905900370412441600,905900370412441600_0,Where to report scammers preying on Harvey victims,https://t.co/U2Ln7Pt1qR,data_image/hurricane_harvey/7_9_2017/905900370412441600_0.jpg,1
california_wildfires,920643131837739008,920643131837739008_0,"California Station Plays Witness, Info Source For Wildfires",https://t.co/Bn2VWiQk97,data_image/california_wildfires/18_10_2017/920643131837739008_0.jpg,2
hurricane_maria,923268299898740737,923268299898740737_0,RT @NBCMontana: Whitefish Energy working on Puerto Rico power grid,https://t.co/LHl16yxZwa,data_image/hurricane_maria/25_10_2017/923268299898740737_0.jpg,1
california_wildfires,918237370536906753,918237370536906753_0,Deadly California wildfires flare up and swallow more homes,https://t.co/62Fl5qtSuq,data_image/california_wildfires/11_10_2017/918237370536906753_0.jpg,0
hurricane_maria,912065374929264640,912065374929264640_1,἟5἟7἟5἟7἟5἟7#HurricaneMaria #huracanmaria hato rey,https://t.co/NvqYn5Ce7E,data_image/hurricane_maria/24_9_2017/912065374929264640_1.jpg,0
hurricane_irma,909382127199821824,909382127199821824_0,"For first time in 300 years, not a single person left on Barbuda: US envoy on horrific Hurricane Irma impact…",https://t.co/fQBxkmD5xq,data_image/hurricane_irma/17_9_2017/909382127199821824_0.jpg,0
hurricane_maria,910704791550136320,910704791550136320_1,Fuck hurricane Maria !! Ὁ4Ὁ4Ὁ4,https://t.co/gZsZ2vKDbP,data_image/hurricane_maria/21_9_2017/910704791550136320_1.jpg,0
hurricane_irma,910122015993995264,910122015993995264_3,RT @steadicam305: #Irma minor damage at @univision's parking lot - @UniNoticias @Univision23,https://t.co/XO0tWG1d9y,data_image/hurricane_irma/19_9_2017/910122015993995264_3.jpg,0
hurricane_irma,909494205390651397,909494205390651397_0,#IRMA | Volusia County to collect debris in unincorporated areas,https://t.co/rGCQG6928U,data_image/hurricane_irma/17_9_2017/909494205390651397_0.jpg,0
california_wildfires,919943278220341249,919943278220341249_0,Animal survivals inspire hope after tragic losses after California wildfire,https://t.co/ll8X8WUZ1c,data_image/california_wildfires/16_10_2017/919943278220341249_0.jpg,1
california_wildfires,919580937184260098,919580937184260098_0,Marijuana Crop Is Burning in the California Wildfires,https://t.co/Zz7O10IC9A,data_image/california_wildfires/15_10_2017/919580937184260098_0.jpg,0
hurricane_harvey,904994908016058368,904994908016058368_0,Federal loans approved to help cities in Hurricane Harvey's wake - Independent.ie,https://t.co/hnVwu5jVfa,data_image/hurricane_harvey/5_9_2017/904994908016058368_0.jpg,0
hurricane_harvey,904685539412119553,904685539412119553_0,RT @ABC7News: PHOTOS: 21 powerful images of Hurricane #Harvey's impact: #Texas #Houston,https://t.co/gamMJQ5nyG,data_image/hurricane_harvey/4_9_2017/904685539412119553_0.jpg,2
iraq_iran_earthquake,931535497679294464,931535497679294464_0,After huge earthquake at west of iran. City and many villages have collapsed.,https://t.co/CN8ymtIFPS,data_image/iraq_iran_earthquake/17_11_2017/931535497679294464_0.jpg,2
hurricane_harvey,904299302683631616,904299302683631616_0,"RT @NBCNightlyNews: JUST IN: Another large explosion and fire at flooded chemical plant in Crosby, Texas. #Harvey",https://t.co/Pig3FowSmX,data_image/hurricane_harvey/3_9_2017/904299302683631616_0.jpg,2
hurricane_irma,909831899979251712,909831899979251712_0,Georgia Uses Crowdsourced Damage Reporting Site During Irma,https://t.co/LFtWVvBNLT,data_image/hurricane_irma/18_9_2017/909831899979251712_0.jpg,1
hurricane_irma,909841237493956608,909841237493956608_0,"In Boca, Hurricane Irma rips up trees, leaves many in the dark",https://t.co/vEDAlMIPkY,data_image/hurricane_irma/18_9_2017/909841237493956608_0.jpg,0
california_wildfires,918108612869754883,918108612869754883_0,Wiretap | Wet winter and record-breaking summer heat combine to leave California in flames:,https://t.co/povqsBkHVZ,data_image/california_wildfires/11_10_2017/918108612869754883_0.jpg,0
hurricane_maria,911837730413441025,911837730413441025_2,Please donate to my country Dominica affected by hurricane Maria any amount would be grateful,https://t.co/IiNHo0mnNC,data_image/hurricane_maria/24_9_2017/911837730413441025_2.jpg,1
california_wildfires,918091937449758721,918091937449758721_0,Eye Opener: Massive wildfires devastate California,https://t.co/9ysUWkZCVY,data_image/california_wildfires/11_10_2017/918091937449758721_0.jpg,2
hurricane_maria,921494613164199936,921494613164199936_0,"RT @artwellguide: Trump visits Puerto Rico, claims recovery is going extremely well. (cc: @jerrysaltz)",https://t.co/ZHM3aoUZDf,data_image/hurricane_maria/20_10_2017/921494613164199936_0.jpg,2
hurricane_maria,913392166533201920,913392166533201920_0,#inhabitat Hurricane Maria ravaged the only tropical rainforest in the United States,https://t.co/3YQJ5fDlNS,data_image/hurricane_maria/28_9_2017/913392166533201920_0.jpg,0
hurricane_irma,909688022869868545,909688022869868545_0,Irma may have slowed us down last week but @CEMEX_Orlando is up and running strong! #SleyTheGrey,https://t.co/wcBtOGNKV7,data_image/hurricane_irma/18_9_2017/909688022869868545_0.jpg,1
hurricane_irma,910084787674783744,910084787674783744_0,Well users urged to boil water in the aftermath of Irma flooding,https://t.co/GUnaW3V16K,data_image/hurricane_irma/19_9_2017/910084787674783744_0.jpg,0
california_wildfires,917945356696072192,917945356696072192_0,Barry Bonds among pro athletes who fled golf club ahead of California wildfires,https://t.co/k9rN9Bqdzh,data_image/california_wildfires/11_10_2017/917945356696072192_0.jpg,2
hurricane_irma,909897041576329216,909897041576329216_0,Lee communities still reeling from Irma.,https://t.co/kZAJgJKVyX,data_image/hurricane_irma/18_9_2017/909897041576329216_0.jpg,0
hurricane_harvey,909938076423675905,909938076423675905_0,@TheDoctorIsILL My house after Harvey. Lol. You never know....,https://t.co/BhRPPyIJAF,data_image/hurricane_harvey/19_9_2017/909938076423675905_0.jpg,0
california_wildfires,920236266335162368,920236266335162368_0,#BEARFIRE Fire in Santa Cruz mountains forces evacuations near Bear Crk Canyon Rd. via @KTVU,https://t.co/n4Hbl5xsds,data_image/california_wildfires/17_10_2017/920236266335162368_0.jpg,2
hurricane_harvey,904830090386735105,904830090386735105_0,The effects of Harvey...,https://t.co/I55CKyej1D,data_image/hurricane_harvey/4_9_2017/904830090386735105_0.jpg,0
hurricane_harvey,905947586967855104,905947586967855104_0,TAMU-CC (@IslandCampus) #drone team helps with #HurricaneHarvey recovery efforts,https://t.co/ypyIAihSkM,data_image/hurricane_harvey/8_9_2017/905947586967855104_0.jpg,2
hurricane_harvey,904898551062429696,904898551062429696_0,RT @WLTX: Con Artists Will Take Your #Harvey Donation Money,https://t.co/K5X8r6PQR6,data_image/hurricane_harvey/5_9_2017/904898551062429696_0.jpg,2
hurricane_irma,909784591724089344,909784591724089344_0,RT @kristinbonin: Images From Irma As It Storms Through Florida &amp; the Caribbean,https://t.co/2KKbP9quIP,data_image/hurricane_irma/18_9_2017/909784591724089344_0.jpg,1
hurricane_irma,910166284624711681,910166284624711681_0,Editorial: State leaders have plenty of work to do after Irma,https://t.co/5YxwvEEMEr,data_image/hurricane_irma/19_9_2017/910166284624711681_0.jpg,1
hurricane_maria,928754744662913025,928754744662913025_0,Puerto Rico hit by new power outage after line repaired by Whitefish fails: report,https://t.co/X1ipHdKc4e,data_image/hurricane_maria/9_11_2017/928754744662913025_0.jpg,1
hurricane_irma,909833411598209024,909833411598209024_3,"Hurricane Irma Alva, Fl. What once was...we are feeling overwhelmed.",https://t.co/nr9rPq6hpp,data_image/hurricane_irma/18_9_2017/909833411598209024_3.jpg,0
hurricane_irma,910189039852097537,910189039852097537_0,"Park staff are supporting Florida, Caribbean, Atlantic coast parks, assist with efforts in wake of Hurricane #Irma.‚Ä¶",https://t.co/XBtdVXod2s,data_image/hurricane_irma/19_9_2017/910189039852097537_0.jpg,0
hurricane_maria,910687961712381953,910687961712381953_0,Powerful Hurricane Maria follows deadly storms Harvey and Irma -,https://t.co/zPU6QzVeMt,data_image/hurricane_maria/21_9_2017/910687961712381953_0.jpg,2
hurricane_maria,911502698310246400,911502698310246400_2,RT @USNationalGuard: PHOTOS: National Guard members respond to Hurricane Maria:,https://t.co/UTfLYxjIcb,data_image/hurricane_maria/23_9_2017/911502698310246400_2.jpg,1
california_wildfires,921425360373329920,921425360373329920_0,California can't catch a break. Wildfire weather is returning this weekend,https://t.co/dCqAuC6Ayf,data_image/california_wildfires/20_10_2017/921425360373329920_0.jpg,1
hurricane_irma,909963325944901633,909963325944901633_0,Seawalls across SWFL crumbling in wake of Irma,https://t.co/aLOfE4y7JB,data_image/hurricane_irma/19_9_2017/909963325944901633_0.jpg,0
hurricane_irma,905642249706340352,905642249706340352_0,Sheriff tweets that anyone with a warrant seeking shelter from Hurricane Irma will be jailed,https://t.co/ptHw3iMaRM,data_image/hurricane_irma/7_9_2017/905642249706340352_0.jpg,0
hurricane_maria,923612432324616192,923612432324616192_0,Aftermath of a Cat 5 hurricane (I live in Puerto Rico) #viraltoday,https://t.co/DGgN52V6YE,data_image/hurricane_maria/26_10_2017/923612432324616192_0.jpg,1
hurricane_maria,915995595923435520,915995595923435520_0,Events in NYC aim to help hurricane battered Puerto Rico,https://t.co/92qQOejggH,data_image/hurricane_maria/5_10_2017/915995595923435520_0.jpg,1
hurricane_irma,909431758822739969,909431758822739969_0,[RECOMMENDED] Wrap-up of damages in P.R. caused by Hurricane Irma -,https://t.co/KGlM3oa8GM,data_image/hurricane_irma/17_9_2017/909431758822739969_0.jpg,0
hurricane_harvey,907272871965188096,907272871965188096_0,"Hurricane trash pile, removal costs could reach staggering levels",https://t.co/74ea4nFUUK,data_image/hurricane_harvey/11_9_2017/907272871965188096_0.jpg,1
hurricane_harvey,901667596151517184,901667596151517184_0,"#HurricaneHarvey At least one dead in Texas, more casualties feared",https://t.co/NmIZ9jkski,data_image/hurricane_harvey/27_8_2017/901667596151517184_0.jpg,2
california_wildfires,917832022017445888,917832022017445888_0,RT @Ciscokid__: Calistoga Fire #tubbsfire #napafire #ABC7now #kron4news #fire #california #napa,https://t.co/aTcggkpkNe,data_image/california_wildfires/10_10_2017/917832022017445888_0.jpg,2
hurricane_harvey,901776373177561088,901776373177561088_0,Buffalo Bayou is higher than I've ever seen it. Pool about to go under. #Harvey,https://t.co/KPEymDoDB0,data_image/hurricane_harvey/27_8_2017/901776373177561088_0.jpg,1
hurricane_maria,911663593019498496,911663593019498496_1,RT @HighvTweet: Cane Bay Area sustained damage. #stcroix #stx #hurricanemaria,https://t.co/hFJdjRIhd3,data_image/hurricane_maria/23_9_2017/911663593019498496_1.jpg,2
hurricane_maria,911551604196872192,911551604196872192_0,Only #aerial #photos help families know what is happening to their communities inside #Dominica #hurricanemaria #sos,https://t.co/aUHosl6Iju,data_image/hurricane_maria/23_9_2017/911551604196872192_0.jpg,2
hurricane_harvey,907439973204467713,907439973204467713_0,Here's how to know if destruction caused by Hurricane Harvey or Irma will affect your taxes:,https://t.co/rJP6kJNCaa,data_image/hurricane_harvey/12_9_2017/907439973204467713_0.jpg,1
hurricane_irma,910219452481966081,910219452481966081_0,Hurricane Irma impacts Mote Marine Laboratory in Summerland Key. MORE &gt; &gt;,https://t.co/1i9eCV3Uwc,data_image/hurricane_irma/19_9_2017/910219452481966081_0.jpg,1
hurricane_irma,905670102833446912,905670102833446912_0,RT @wbir: Local pig rescue will shelter barnyard animals in Hurricane Irma's path,https://t.co/Nyj8IScu2a,data_image/hurricane_irma/7_9_2017/905670102833446912_0.jpg,0
hurricane_maria,922387722236518401,922387722236518401_0,Opinion | How to Keep the Lights On After a Hurricane,https://t.co/aJqmTSfJK4,data_image/hurricane_maria/23_10_2017/922387722236518401_0.jpg,2
california_wildfires,921176414446960640,921176414446960640_0,"Horses, Sheep &amp; Turkeys Evacuated From Fire; How To Help After California Fires",https://t.co/SdJdx1jGja,data_image/california_wildfires/20_10_2017/921176414446960640_0.jpg,1
hurricane_harvey,910160788849008640,910160788849008640_0,Pearl Fincher Museum continues post-Harvey cleanup efforts,https://t.co/TBNZNBMPup,data_image/hurricane_harvey/19_9_2017/910160788849008640_0.jpg,1
hurricane_harvey,906254607210475520,906254607210475520_0,Recovery After #HurricaneHarvey: Will There Be Justice for All?,https://t.co/TB3DRO5CXD,data_image/hurricane_harvey/8_9_2017/906254607210475520_0.jpg,0
hurricane_maria,915282034628730884,915282034628730884_2,"If these images do not depict “a real catastrophe”, then I don’t know what does. (Source:",https://t.co/xVZwRgukdx,data_image/hurricane_maria/3_10_2017/915282034628730884_2.jpg,1
hurricane_irma,909785832273465344,909785832273465344_0,NEW: Who should pay the bill for disasters like storm Irma?,https://t.co/FgRTOY3URH,data_image/hurricane_irma/18_9_2017/909785832273465344_0.jpg,0
california_wildfires,918114251574857728,918114251574857728_0,California wildfires latest: 'Red alert' issued as weather conditions likely to fan flames,https://t.co/Eq3ErE2YeH,data_image/california_wildfires/11_10_2017/918114251574857728_0.jpg,2
hurricane_irma,905755368931909632,905755368931909632_0,We're working with our partners in Haiti to prepare for #HurricaneIrma,https://t.co/LVDF9MySVd,data_image/hurricane_irma/7_9_2017/905755368931909632_0.jpg,1
mexico_earthquake,910564177764171777,910564177764171777_0,Powerful earthquake shook central mexico on Tuesday killing 217 . #MexicoCity #RIP,https://t.co/jIRpHavOux,data_image/mexico_earthquake/20_9_2017/910564177764171777_0.jpg,2
hurricane_irma,909888420905930754,909888420905930754_1,Our boardwalk through the Cypress tree preserve sustained heavy damage from #Irma ὢD. We will rebuild. @LeeSchools,https://t.co/MnyF000pjG,data_image/hurricane_irma/18_9_2017/909888420905930754_1.jpg,1
hurricane_harvey,905164194970050561,905164194970050561_0,Advice: How To File Claims After #Harvey @HoustonPubMedia @HPMNews887 #HouNews,https://t.co/YROM4vqvuJ,data_image/hurricane_harvey/5_9_2017/905164194970050561_0.jpg,1
hurricane_maria,922934077019316225,922934077019316225_0,NEW: Trump-connected company hired to fix Puerto Rico has only worked two federal jobs,https://t.co/1ZLQhx9dPK,data_image/hurricane_maria/24_10_2017/922934077019316225_0.jpg,2
hurricane_irma,910124040584667136,910124040584667136_1,Are you looking for a way to help in the wake of Irma's devastation? We could really use your support! Visit our…,https://t.co/tGJIvgps0q,data_image/hurricane_irma/19_9_2017/910124040584667136_1.jpg,1
hurricane_harvey,901835409440768000,901835409440768000_0,"Fence down, tree down. Now comes the real pain of dealing with insurance. #HurricaneHarvey",https://t.co/NvFYRgN8Vo,data_image/hurricane_harvey/27_8_2017/901835409440768000_0.jpg,0
hurricane_irma,910168389846536193,910168389846536193_0,"Hurricane Irma uprooted a tree in a cemetery, its roots unearthed a casket ·Ω£1·Ω°E #grave #irma",https://t.co/cOJ1VYPsYR,data_image/hurricane_irma/19_9_2017/910168389846536193_0.jpg,1
hurricane_maria,922464066622377986,922464066622377986_0,The #Exceptional spirit of Puerto Rico always shines through. #DonQRum,https://t.co/oSUwLCUAvN,data_image/hurricane_maria/23_10_2017/922464066622377986_0.jpg,0
hurricane_irma,910247140441632768,910247140441632768_0,How Irma and Harvey may impact our food supply.,https://t.co/15oAcle6c6,data_image/hurricane_irma/19_9_2017/910247140441632768_0.jpg,0
hurricane_harvey,906162712937451520,906162712937451520_0,Houston floodwaters from #HurricaneHarvey give way to mountains of trash,https://t.co/dCFmaDvK4q,data_image/hurricane_harvey/8_9_2017/906162712937451520_0.jpg,2
hurricane_irma,910208913315856385,910208913315856385_0,"Post Hurricane Irma, hope Maria will bypass!!",https://t.co/x3pkRMmOUl,data_image/hurricane_irma/19_9_2017/910208913315856385_0.jpg,0
hurricane_harvey,905637549737213955,905637549737213955_0,Harvey continues..Dead fish on our street &amp; gutters. I've never seen anything like it! @KPRC2 @abc13houston,https://t.co/e2dFXTak8a,data_image/hurricane_harvey/7_9_2017/905637549737213955_0.jpg,0
hurricane_harvey,908496398898925569,908496398898925569_0,"1/ This is Woodloch, a small town on the outskirts of The Woodlands that has barely begun recovering from #Harvey.",https://t.co/NyeRz1fjuA,data_image/hurricane_harvey/15_9_2017/908496398898925569_0.jpg,1
hurricane_harvey,908709128297644032,908709128297644032_0,Reporting in Bear Creek area. Devastation. Schools still closed. #Harvey,https://t.co/badXX1bme2,data_image/hurricane_harvey/15_9_2017/908709128297644032_0.jpg,1
hurricane_harvey,905055726183124993,905055726183124993_0,"13 Toxic Waste Sites Damaged by Harvey, Houston Awash in Chemicals",https://t.co/XgN4x2xkzZ,data_image/hurricane_harvey/5_9_2017/905055726183124993_0.jpg,2
hurricane_harvey,908677187359850497,908677187359850497_0,RT @ScenicAcevedo: Dairy Queen in #Wharton now. All southeast Texas affected. #HurricaneHarvey,https://t.co/7EeUMWfn8Q,data_image/hurricane_harvey/15_9_2017/908677187359850497_0.jpg,1
hurricane_maria,912341964586049536,912341964586049536_0,"Listen: Powerful Hurricane Maria lashes St. Croix, takes aim at Puerto Rico @reuters",https://t.co/ruRxkMDvnQ,data_image/hurricane_maria/25_9_2017/912341964586049536_0.jpg,2
hurricane_irma,910156441490780160,910156441490780160_0,RT @hydroquebec: Work on the outages with @GeorgiaPower is going well in the Gainesville area. ‚úä·ºøB·Ωá7·ºøB‚ö°Ô∏è #Irma,https://t.co/74ulZwGs4v,data_image/hurricane_irma/19_9_2017/910156441490780160_0.jpg,1
hurricane_irma,909770991672455168,909770991672455168_0,#Mobilehomes battered but largely intact after #Irma - #manufacturedhomes,https://t.co/xPNaOkEkkv,data_image/hurricane_irma/18_9_2017/909770991672455168_0.jpg,1
iraq_iran_earthquake,930042585770536960,930042585770536960_0,"A devastating earthquake has claimed hundreds of lives, details still emerging.",https://t.co/iWgg4pyqBO,data_image/iraq_iran_earthquake/13_11_2017/930042585770536960_0.jpg,2
hurricane_harvey,909135905063026688,909135905063026688_1,My Harvey damage looks like a mutating Tetsuo from Akira,https://t.co/vxQa0f0HwQ,data_image/hurricane_harvey/16_9_2017/909135905063026688_1.jpg,1
hurricane_harvey,904549453058715648,904549453058715648_0,#Harvey damage could reach $180 billion -,https://t.co/mjqouB1jpI,data_image/hurricane_harvey/4_9_2017/904549453058715648_0.jpg,2
hurricane_irma,905714507657469953,905714507657469953_0,Caribbean Reeling: At Least 3 Dead From The Weather Channel iPhone App #resist,https://t.co/x7jL1NXti3,data_image/hurricane_irma/7_9_2017/905714507657469953_0.jpg,2
hurricane_maria,913051514419269632,913051514419269632_1,Now Hatteras Island getting hammered by Hurricane Maria @IslandFreePress,https://t.co/CmU5zct0rh,data_image/hurricane_maria/27_9_2017/913051514419269632_1.jpg,2
hurricane_harvey,904240121922322432,904240121922322432_0,RT @_StephanieMyers: #BREAKING President Trump to pledge $1 million in personal funds to #Harvey relief efforts.,https://t.co/9Rn8fRs85j,data_image/hurricane_harvey/3_9_2017/904240121922322432_0.jpg,2
hurricane_harvey,906801256127254529,906801256127254529_0,@WPBF25News large tree down in #boyntonbeach just came out of a tornado warning @WPBF25News #HurrcaneIrma,https://t.co/i9Ho05wo3M,data_image/hurricane_harvey/10_9_2017/906801256127254529_0.jpg,0
hurricane_maria,911602843882098688,911602843882098688_0,ICYMI: RARadio Samaritan's Purse Ramping Up Aid Efforts in Caribbean After Hurricane Maria,https://t.co/Ko0DktOpbx,data_image/hurricane_maria/23_9_2017/911602843882098688_0.jpg,2
hurricane_irma,905697160519442432,905697160519442432_0,Robert De Niro Vows to Help Barbuda Rebuild After Hurricane Irma Devastation,https://t.co/PFmyFdfwA9,data_image/hurricane_irma/7_9_2017/905697160519442432_0.jpg,1
hurricane_irma,910201716934574081,910201716934574081_2,Damage from Irma at Our House. ὡ4 Atleast It's Property Damage that can be Fixed. #IrmaAWeekLater,https://t.co/SvAUAI1Cdw,data_image/hurricane_irma/19_9_2017/910201716934574081_2.jpg,0
hurricane_harvey,901697605851336704,901697605851336704_1,RT @EmilyLo011: Currently stuck on Monroe.... R.I.P my truck... #HurricaneHarvey,https://t.co/9f2UmEN1cg,data_image/hurricane_harvey/27_8_2017/901697605851336704_1.jpg,1
hurricane_harvey,901817961610174464,901817961610174464_2,RT @rgaut999: Rescue operations in full swing in Houston as people flee flooding from Tropical Storm Harvey.,https://t.co/znCJAJCFQL,data_image/hurricane_harvey/27_8_2017/901817961610174464_2.jpg,2
hurricane_irma,910247213900730368,910247213900730368_0,Some homeowners impacted by Irma may qualify to temporarily stop paying their mortgage,https://t.co/pBpDC49UrX,data_image/hurricane_irma/19_9_2017/910247213900730368_0.jpg,1
hurricane_maria,921443803457781766,921443803457781766_1,Back in Florida. Will head home in a couple days. Missing Puerto Rico already. @Nix_km,https://t.co/FPAo0FqmUo,data_image/hurricane_maria/20_10_2017/921443803457781766_1.jpg,0
hurricane_irma,910023781237760000,910023781237760000_0,ShelterBox working closely with Rotary in the Caribbean following Hurricane Irma #Irma…,https://t.co/dJMhHrTYhg,data_image/hurricane_irma/19_9_2017/910023781237760000_0.jpg,2
hurricane_harvey,908584190446264320,908584190446264320_0,What Hurricane Sandy Should've Taught Us About Disaster Response - Fortune,https://t.co/3MiXdvmCL5,data_image/hurricane_harvey/15_9_2017/908584190446264320_0.jpg,0
hurricane_maria,913476894703718402,913476894703718402_0,RT @WindLady: #windturbines stand up intact after #HurricaneMaria surrounded by total devastation in Puerto Rico.,https://t.co/O6GWAe8d9P,data_image/hurricane_maria/28_9_2017/913476894703718402_0.jpg,2
mexico_earthquake,914104822131040256,914104822131040256_0,"Rocked by the quake, #Mexico's #economy could get a boost from the rebuilding",https://t.co/HUHgeQmFDG,data_image/mexico_earthquake/30_9_2017/914104822131040256_0.jpg,1
hurricane_irma,910137635888386048,910137635888386048_0,Helping people affected by Irma,https://t.co/GtX4AA1b7x,data_image/hurricane_irma/19_9_2017/910137635888386048_0.jpg,1
hurricane_irma,910154313422516226,910154313422516226_0,Hurricane Maria: Anguilla fears further devastation as island struggles with Irma clear-up,https://t.co/TWB81cYPts,data_image/hurricane_irma/19_9_2017/910154313422516226_0.jpg,2
hurricane_maria,912325883683377157,912325883683377157_0,See what Maria did to the Caribbean #SocialMedia,https://t.co/Oune4O6Nq5,data_image/hurricane_maria/25_9_2017/912325883683377157_0.jpg,1
hurricane_harvey,906833200877629440,906833200877629440_0,Flooded but still a beautiful city nevertheless. ὄFὤF✊ #Harvey2017 #Houston #HurricaneHarvey,https://t.co/mKmKQhCL0u,data_image/hurricane_harvey/10_9_2017/906833200877629440_0.jpg,2
hurricane_irma,909914772816179201,909914772816179201_0,Post Irma pics.,https://t.co/snfsTR3Nkp,data_image/hurricane_irma/18_9_2017/909914772816179201_0.jpg,1
hurricane_harvey,905035038575788032,905035038575788032_0,Feds Move to Crack Down on #HurricaneHarvey Scammers - #scams #fraud #harvey,https://t.co/pcDXe6DtQn,data_image/hurricane_harvey/5_9_2017/905035038575788032_0.jpg,1
mexico_earthquake,910723904150237184,910723904150237184_0,You can be the link between aid and #MexicoQuake victims,https://t.co/gTeADkB4nP,data_image/mexico_earthquake/21_9_2017/910723904150237184_0.jpg,2
hurricane_harvey,905822234383712256,905822234383712256_0,It sure is.: Harvey’s potential fiscal impact to the state ‘mind-boggling’ via @expressnews,https://t.co/CBOy12Tkc3,data_image/hurricane_harvey/7_9_2017/905822234383712256_0.jpg,2
hurricane_maria,916179895105056768,916179895105056768_0,"Elon Musk floats solar overhaul of Puerto Rico power grid, governor says ""Let's talk""",https://t.co/upXuTapZga,data_image/hurricane_maria/6_10_2017/916179895105056768_0.jpg,1
hurricane_harvey,904256691939762176,904256691939762176_0,"How to track the ongoing fallout from Hurricane Harvey, by @alexismadrigal",https://t.co/nUisXSk3hS,data_image/hurricane_harvey/3_9_2017/904256691939762176_0.jpg,1
hurricane_irma,909883810367582208,909883810367582208_0,This is what was left of my once beautiful rustic office door at school after Irma. Thankful for no major damage.,https://t.co/Dz38hr8dxh,data_image/hurricane_irma/18_9_2017/909883810367582208_0.jpg,0
hurricane_irma,910222253048156166,910222253048156166_0,University head ousted over #Irma evacuations,https://t.co/X7jqMfZ2zS,data_image/hurricane_irma/19_9_2017/910222253048156166_0.jpg,2
hurricane_irma,910266304476667906,910266304476667906_0,post hurricane irma clean up ft. dad and a machete #portra160,https://t.co/qP3ioVvaEn,data_image/hurricane_irma/19_9_2017/910266304476667906_0.jpg,0
hurricane_harvey,905486990279397382,905486990279397382_0,RT @512tech: Austin’s TurnKey Vacation Rentals takes a hit from Harvey on Texas coast,https://t.co/wJYG4PHu1s,data_image/hurricane_harvey/6_9_2017/905486990279397382_0.jpg,1
hurricane_maria,910813502385868800,910813502385868800_0,Hurricane Maria's devastating strength leaves island powerless,https://t.co/MvMJYNA6Io,data_image/hurricane_maria/21_9_2017/910813502385868800_0.jpg,1
hurricane_maria,923368626035576832,923368626035576832_0,#Struggling #Puerto #Rico children's #Hospital gets #Solar p... - - #Childrens #Topstories,https://t.co/WKUc1O0wZd,data_image/hurricane_maria/26_10_2017/923368626035576832_0.jpg,0
hurricane_maria,928984882969174017,928984882969174017_0,Puerto Rico's Massive Blackout Underscores Island's Fragile Electrical System,https://t.co/wnEN97C5OL,data_image/hurricane_maria/10_11_2017/928984882969174017_0.jpg,1
hurricane_irma,910211201182789632,910211201182789632_0,Woman makes ‚Äòsexy‚Äô sign to get power back on after Irma via @nypost,https://t.co/RAD3mze4Pe,data_image/hurricane_irma/19_9_2017/910211201182789632_0.jpg,0
hurricane_irma,909695665562902528,909695665562902528_0,"Battered by Hurricane Irma, thousands flee St. John island in path of the next storm #pinoy‚Ä¶",https://t.co/2sszyJ9zlj,data_image/hurricane_irma/18_9_2017/909695665562902528_0.jpg,0
hurricane_harvey,907237374144512000,907237374144512000_0,Looks like potential tornado touched down on #DelrayBeach Meridian #hurricaneimra #HurricaineIrma2017,https://t.co/G1zpMhmRKm,data_image/hurricane_harvey/11_9_2017/907237374144512000_0.jpg,1
hurricane_maria,922610290281402368,922610290281402368_1,Thanks for following! please share!,https://t.co/oD9DeZ1yTk,data_image/hurricane_maria/23_10_2017/922610290281402368_1.jpg,0
hurricane_irma,910217897057882119,910217897057882119_0,"Hurricanes Irma, Harvey and disaster recovery planning #BCDR",https://t.co/juGQnfr50k,data_image/hurricane_irma/19_9_2017/910217897057882119_0.jpg,2
hurricane_maria,927349857202958338,927349857202958338_0,google-news|Puerto Rico's storm of misery|,https://t.co/eDf7srAH3h,data_image/hurricane_maria/6_11_2017/927349857202958338_0.jpg,1
hurricane_harvey,907302306206625792,907302306206625792_0,The tech tools crucial to rescuers during Hurricane Harvey #TechBuzz,https://t.co/uo1mrTyfN3,data_image/hurricane_harvey/11_9_2017/907302306206625792_0.jpg,2
srilanka_floods,870942570704019456,870942570704019456_2,"#Veyangalla, a village heavily affected by recent #floodSL in #Kalutura district, today situation #lka #SriLanka",https://t.co/6CeIHdffw9,data_image/srilanka_floods/3_6_2017/870942570704019456_2.jpg,1
hurricane_irma,909924036779630592,909924036779630592_1,RT @badtweetslinger: Irma knocked out all the lights in Melbourne Beach and LOOK AT IT,https://t.co/TONsyh47vQ,data_image/hurricane_irma/18_9_2017/909924036779630592_1.jpg,0
hurricane_maria,914159730158735360,914159730158735360_0,This photo though of a man riding his bicycle through a damaged road in San Juan following Hurricane Maria.,https://t.co/n2WjtzYhzu,data_image/hurricane_maria/30_9_2017/914159730158735360_0.jpg,2
hurricane_irma,909718574641614848,909718574641614848_3,"@jstar79 @atxwxgirl @lastcrazyhorn @tlm101 damage to soffits, missing soffits, and a blown down fence in my apartme‚Ä¶",https://t.co/sgZBSgp9Yh,data_image/hurricane_irma/18_9_2017/909718574641614848_3.jpg,0
hurricane_maria,912376048842665984,912376048842665984_3,"Jayuya, PR (Mameyes) not far from home. It sucks to see #PuertoRico like this. Ὁ4ὢ2 #HurricaneMaria",https://t.co/j2l0WkzqhW,data_image/hurricane_maria/25_9_2017/912376048842665984_3.jpg,0
hurricane_irma,909420245881782272,909420245881782272_0,RT @MattSibson: #HurricaneIrma unearths ancient canoe in Indian River in Brevard:,https://t.co/ZhB9Dv3kDF,data_image/hurricane_irma/17_9_2017/909420245881782272_0.jpg,0
hurricane_harvey,901754891487600640,901754891487600640_0,Weakened Hurricane Harvey settles in over southeast Texas... #RT,https://t.co/EBWzc7R6nG,data_image/hurricane_harvey/27_8_2017/901754891487600640_0.jpg,1
california_wildfires,920274579163176961,920274579163176961_0,RT @latimes: Why 2017 is shaping up to be one of Californiaâ€™s worst fire seasons,https://t.co/jEPRjnDKzl,data_image/california_wildfires/17_10_2017/920274579163176961_0.jpg,2
hurricane_irma,909790424348418048,909790424348418048_1,One Early Lesson From Irma: Hurricane Building Codes Work #hurricane #housing,https://t.co/Rj8LbxKRgp,data_image/hurricane_irma/18_9_2017/909790424348418048_1.jpg,1
hurricane_irma,909700593093976064,909700593093976064_0,RT @WPLGLocal10: Hurricane Irma damages Catholic church in Big Pine Key,https://t.co/HDaJ4nHlQ4,data_image/hurricane_irma/18_9_2017/909700593093976064_0.jpg,1
hurricane_harvey,905420310081675267,905420310081675267_0,"The Woodlands approves $500,000 to supplement Harvey cleanup costs: #HurricaneHarvey",https://t.co/6wSCyox4ZH,data_image/hurricane_harvey/6_9_2017/905420310081675267_0.jpg,0
hurricane_harvey,901805456213102593,901805456213102593_0,Pictures from the Heights neighborhood in #Houston. Water is rising. #Harvey,https://t.co/xsGzUA92dF,data_image/hurricane_harvey/27_8_2017/901805456213102593_0.jpg,2
hurricane_harvey,901814144680255488,901814144680255488_0,business: FEMA is prepared to be on Harvey recovery for years,https://t.co/N4N2gu14jg,data_image/hurricane_harvey/27_8_2017/901814144680255488_0.jpg,2
hurricane_maria,912420533689610242,912420533689610242_0,"Day 5 in storm-ravaged, blacked-out #PuertoRico: `This is chaos' #Maria",https://t.co/l0BUWEomxV,data_image/hurricane_maria/25_9_2017/912420533689610242_0.jpg,1
hurricane_harvey,905215758917144584,905215758917144584_0,RT @KPRC2: Cleaning up in some of Houston's hardest-hit neighborhoods after Harvey #kprc2,https://t.co/Z4XBBgHz9J,data_image/hurricane_harvey/5_9_2017/905215758917144584_0.jpg,0
hurricane_maria,923204196677095430,923204196677095430_0,The scope of Puerto Rico's devastation is captured in newly-shared video,https://t.co/tqLQqFVps7,data_image/hurricane_maria/25_10_2017/923204196677095430_0.jpg,2
hurricane_irma,905636957870546944,905636957870546944_0,Record-breaking Hurricane Irma wreaks havoc across Caribbean: 'It's apocalyptic' #trending,https://t.co/9etCfTjcXL,data_image/hurricane_irma/7_9_2017/905636957870546944_0.jpg,2
hurricane_harvey,906584717054566400,906584717054566400_0,RT @Margaretherapy: ὢATropical storm Harvey to slam Louisiana next,https://t.co/63K17GWhen,data_image/hurricane_harvey/9_9_2017/906584717054566400_0.jpg,2
hurricane_irma,909747923445002240,909747923445002240_0,Images of #Irma. #FloridaKeys,https://t.co/7oZ1HzrQjF,data_image/hurricane_irma/18_9_2017/909747923445002240_0.jpg,0
hurricane_irma,909813776236650496,909813776236650496_0,Man Taking Pictures Gets Slammed by Hurricane Irma Wave,https://t.co/HZ8tZbtIOe,data_image/hurricane_irma/18_9_2017/909813776236650496_0.jpg,0
hurricane_irma,909907796958830592,909907796958830592_2,RT @mattdrewb: Riverdale IB juniors/seniors helping cleanup in Alva post Irma,https://t.co/OF4Io2bOkQ,data_image/hurricane_irma/18_9_2017/909907796958830592_2.jpg,0
hurricane_harvey,901721172961890304,901721172961890304_0,"The hurricane ""Harvey"" in the USA: first victims and destructions - RIA Novosti, 8/27/20...",https://t.co/rS0oZb9rKG,data_image/hurricane_harvey/27_8_2017/901721172961890304_0.jpg,2
hurricane_irma,905681359460589568,905681359460589568_0,"RT @B911Nature: ""Barbuda is practicably uninhabitable” after Cat. 5 Hurricane Irma - PM Gaston Browne",https://t.co/S0uLTXaxyp,data_image/hurricane_irma/7_9_2017/905681359460589568_0.jpg,2
